{
    "Absolute": {
        "vmPFC": {
            "r2": 0.01582710043707236,
            "bic": 2505468.867126243,
            "adj_r2": 0.01580969574111346,
            "a0": 269.29021321649196,
            "a1": -3.543212765389775,
            "a2": 17.142798111992388,
            "a3": -0.9535731990472327,
            "a4": 1.638625786390162,
            "sigma": 1,
            "w1": 0,
            "w_v": 0,
            "w_avg": 0
        },
        "OFCmed": {
            "r2": 0.019998516704900493,
            "bic": 2409025.542297865,
            "adj_r2": 0.019981185778735422,
            "a0": 240.0921461645338,
            "a1": -3.8056916354593406,
            "a2": 16.11942274221266,
            "a3": -0.6027792155347137,
            "a4": 1.5934613448772064,
            "sigma": 1,
            "w1": 0,
            "w_v": 0,
            "w_avg": 0
        },
        "dmPFC": {
            "r2": 0.01717739766256543,
            "bic": 2705469.010132469,
            "adj_r2": 0.01716001684606172,
            "a0": 388.067095226502,
            "a1": -6.944073193357159,
            "a2": 23.973355637874633,
            "a3": -0.18807874767688418,
            "a4": 2.6949903222511424,
            "sigma": 1,
            "w1": 0,
            "w_v": 0,
            "w_avg": 0
        }
    }
}