{
    "dmPFC": {
        "Sigma and w": {
            "a1": -8.050177598235049, 
            "a0": 387.41481818442116, 
            "a3": -0.18916427255124993, 
            "a2": 23.58884065005708, 
            "w": 0.00556771969081149, 
            "adj_r2": 0.01732520984510566, 
            "sigma": 0.26679757497748535, 
            "bic": 2705439.0366629222
        }, 
        "Divisive by Cat": {
            "a1": -13.678405692468544, 
            "a0": 383.41196914084054, 
            "a3": -0.18845518117524307, 
            "a2": 21.382123748043355, 
            "a4": 22.504104646990054, 
            "adj_r2": 0.03181505586282063, 
            "sigma": 0.0, 
            "bic": 2701238.9341647634
        }, 
        "Absolute": {
            "adj_r2": 0.017177397662565763, 
            "bic": 2705469.010132469, 
            "a1": -6.944073361306553, 
            "a0": 388.06709506196376, 
            "a3": -0.18807874363482585, 
            "a2": 23.973355629713716, 
            "sigma": 0.37105883887463964
        }
    }, 
    "vmPFC": {
        "Sigma and w": {
            "a1": 2.045691576596204, 
            "a0": 274.7512447449265, 
            "a3": -0.9522123098992293, 
            "a2": 17.24540689255118, 
            "w": 241.80888429287518, 
            "adj_r2": 0.010387987002985821, 
            "sigma": 6.099900229509403, 
            "bic": 2507039.6924815252
        }, 
        "Divisive by Cat": {
            "a1": -8.983742620370922, 
            "a0": 265.30728335695244, 
            "a3": -0.9540219691832803, 
            "a2": 15.333963273179428, 
            "a4": 15.584794395479207, 
            "adj_r2": 0.03170579256586159, 
            "sigma": 0.0, 
            "bic": 2500882.511055752
        }, 
        "Absolute": {
            "adj_r2": 0.01582710043707214, 
            "bic": 2505468.867126243, 
            "a1": -3.5432126753784763, 
            "a0": 269.2902130681536, 
            "a3": -0.9535731894603846, 
            "a2": 17.142798027694635, 
            "sigma": 0.6102674691435996
        }
    }, 
    "OFCmed": {
        "Sigma and w": {
            "a1": -4.232883429929943, 
            "a0": 239.84589575170227, 
            "a3": -0.6032500952823734, 
            "a2": 15.97690632803822, 
            "w": 0.006465021755049927, 
            "adj_r2": 0.020059954054861606, 
            "sigma": 0.5075142606081025, 
            "bic": 2409020.3688680246
        }, 
        "Divisive by Cat": {
            "a1": -8.437854389305485, 
            "a0": 236.7828031906707, 
            "a3": -0.6031087178093024, 
            "a2": 14.474575796718849, 
            "a4": 14.224912144049311, 
            "adj_r2": 0.037667995389917275, 
            "sigma": 0.0, 
            "bic": 2403893.7968368526
        }, 
        "Absolute": {
            "adj_r2": 0.019998516704900604, 
            "bic": 2409025.542297865, 
            "a1": -3.8056920690145413, 
            "a0": 240.09214657016835, 
            "a3": -0.6027796453400187, 
            "a2": 16.11942274642916, 
            "sigma": 0.6275646412012439
        }
    }
}