{
    "dmPFC": {
        "Sigma and w": [
            2705451.589502316, 
            0.017325207886831007, 
            [
                387.41593658073975, 
                -8.048165737492862, 
                23.58978742439589, 
                -0.18916286002534374, 
                345.65417679979987, 
                92.30234959755295
            ]
        ], 
        "Divisive by Cat": [
            2701238.9341647634, 
            0.03181505586282063, 
            [
                383.41196914084054, 
                -13.678405692468544, 
                21.382123748043355, 
                -0.18845518117524307, 
                22.504104646990054, 
                0.0
            ]
        ], 
        "Absolute": [
            2705481.5625551497, 
            0.017177397152523755, 
            [
                388.06709572165016, 
                -6.9440728714967666, 
                23.97335564902765, 
                -0.188078744197161, 
                431.7840687795395, 
                160.241999665154
            ]
        ]
    }, 
    "vmPFC": {
        "Sigma and w": [
            2505485.352216326, 
            0.0158571031654986, 
            [
                269.1063280653378, 
                -3.863584252181099, 
                17.038971526983428, 
                -0.9539482020874147, 
                1043.2480048940106, 
                546.7036384133704
            ]
        ], 
        "Divisive by Cat": [
            2500882.511055752, 
            0.03170579256586159, 
            [
                265.30728335695244, 
                -8.983742620370922, 
                15.333963273179428, 
                -0.9540219691832803, 
                15.584794395479207, 
                0.0
            ]
        ], 
        "Absolute": [
            2505481.4195049023, 
            0.015827100079563117, 
            [
                269.2902134524092, 
                -3.5432124248183463, 
                17.142798046485247, 
                -0.9535731952678639, 
                315.6024585487556, 
                192.63060317882704
            ]
        ]
    }, 
    "OFCmed": {
        "Sigma and w": [
            2409032.928227446, 
            0.020059929504306462, 
            [
                239.84564993053203, 
                -4.233336438549991, 
                15.976726216718408, 
                -0.6032561241012819, 
                3223.9826625426285, 
                1634.3972290315025
            ]
        ], 
        "Divisive by Cat": [
            2403893.7968368526, 
            0.037667995389917275, 
            [
                236.7828031906707, 
                -8.437854389305485, 
                14.474575796718849, 
                -0.6031087178093024, 
                14.224912144049311, 
                0.0
            ]
        ], 
        "Absolute": [
            2409038.0956490915, 
            0.01999851297787858, 
            [
                240.0921450566618, 
                -3.8056919141756405, 
                16.11942271907593, 
                -0.6027767120141347, 
                447.3206368239315, 
                280.6053965196369
            ]
        ]
    }
}