{
    "vmPFC": {
        "Divisive by Cat": {
            "bic": 2500882.5133086196,
            "adj_r2": 0.03168523611228857,
            "a0": 265.2946513720533,
            "a1": -8.987085080018117,
            "a2": 15.33778328640352,
            "a3": -0.947794982977366,
            "a4": 15.592103235595562,
            "sigma": 4.1619410806603696e-08
        },
        "Divisive by Cat Plus Vt": {
            "bic": 2504404.655463581,
            "adj_r2": 0.019547236449752536,
            "a0": 267.0983613479506,
            "a1": -6.8291984374564185,
            "a2": 15.881810292374507,
            "a3": -0.9683356366954512,
            "a4": 46.37724612606499,
            "sigma": 0.59030797844029
        },
        "Divisive by Cat Denominator": {
            "bic": 2507052.8723326516,
            "adj_r2": 0.010361288957097203,
            "a0": 274.7521622827371,
            "a1": 2.0459775274031244,
            "a2": 17.245856838659158,
            "a3": -0.952215165010621,
            "w1": 123.55923327386874,
            "w2": 200.25030845332597,
            "sigma": 1251765014.2825813
        },
        "Constituent Values": {
            "bic": 2503818.680151663,
            "adj_r2": 0.02161709947098933,
            "a0": 272.9945675507189,
            "a1": 1.661038810194175,
            "a2": 11.399679755702431,
            "a3": -0.9395703545983827,
            "w1": 216.1663912132935,
            "w2": 2249.4395496331113,
            "sigma": 1543.288509814193
        },
        "Absolute": {
            "bic": 2505468.8671262437,
            "adj_r2": 0.015809695741110352,
            "a0": 269.2902130989357,
            "a1": -3.543212639271473,
            "a2": 17.142798040049048,
            "a3": -0.9535731907048649,
            "sigma": 0.6102672173873298
        }
    },
    "OFCmed": {
        "Divisive by Cat": {
            "bic": 2403893.7980283573,
            "adj_r2": 0.037647569123794744,
            "a0": 236.79069325638343,
            "a1": -8.43589279941646,
            "a2": 14.472232062290812,
            "a3": -0.6070754921718119,
            "a4": 14.220427724091085,
            "sigma": 3.151254812649995e-10
        },
        "Divisive by Cat Plus Vt": {
            "bic": 2407665.1556849233,
            "adj_r2": 0.02472504449873536,
            "a0": 238.0358546598629,
            "a1": -6.901909617858257,
            "a2": 14.9120888968865,
            "a3": -0.6045709543573101,
            "a4": 44.547499033059985,
            "sigma": 0.590297743551063
        },
        "Divisive by Cat Denominator": {
            "bic": 2411122.1606134023,
            "adj_r2": 0.012767609491265763,
            "a0": 245.40355007016987,
            "a1": 1.6294462285295168,
            "a2": 16.219640996058054,
            "a3": -0.6014585966633774,
            "w1": 95.9860436155263,
            "w2": 177.71176653485057,
            "sigma": 1380582366.302422
        },
        "Constituent Values": {
            "bic": 2406092.5772780864,
            "adj_r2": 0.03017405719245614,
            "a0": 243.53336685019045,
            "a1": 1.245457497406528,
            "a2": 10.061773633615822,
            "a3": -0.5646920238855847,
            "w1": 60.519800096109634,
            "w2": 927.9743574623502,
            "sigma": 730.2235586284364
        },
        "Absolute": {
            "bic": 2409025.542297865,
            "adj_r2": 0.019981185778735422,
            "a0": 240.09214616218574,
            "a1": -3.805691635277476,
            "a2": 16.11942274208488,
            "a3": -0.6027792110488495,
            "sigma": 0.6275646424891279
        }
    },
    "dmPFC": {
        "Divisive by Cat": {
            "bic": 2701238.9505234733,
            "adj_r2": 0.03179445342493481,
            "a0": 383.4638705686139,
            "a1": -13.670544711234136,
            "a2": 21.365388772541273,
            "a3": -0.21452138305670237,
            "a4": 22.477693158366765,
            "sigma": 7.29417839462343e-08
        },
        "Divisive by Cat Plus Vt": {
            "bic": 2704230.4250408723,
            "adj_r2": 0.021496089909885052,
            "a0": 384.6600092800532,
            "a1": -12.123498152106112,
            "a2": 21.955488459424974,
            "a3": -0.20231615860047705,
            "a4": 75.05108074646391,
            "sigma": 0.5904614916501016
        },
        "Divisive by Cat Denominator": {
            "bic": 2707570.790457539,
            "adj_r2": 0.00990759875057634,
            "a0": 397.0501728361033,
            "a1": 2.248272922862835,
            "a2": 24.14285276230239,
            "a3": -0.18584535689771542,
            "w1": 246.12191284407294,
            "w2": 229.59170070998607,
            "sigma": 3139531347.129184
        },
        "Constituent Values": {
            "bic": 2707570.600041184,
            "adj_r2": 0.009908265550661377,
            "a0": 397.04978007415156,
            "a1": 2.2479298968676766,
            "a2": 24.142796735516843,
            "a3": -0.18584332939395926,
            "w1": 936.0861114973703,
            "w2": 2.5588541277636248,
            "sigma": 4989.209790973412
        },
        "Absolute": {
            "bic": 2705469.010132469,
            "adj_r2": 0.017160016846062054,
            "a0": 388.0670952292538,
            "a1": -6.944073193453081,
            "a2": 23.97335563784685,
            "a3": -0.188078753529165,
            "sigma": 0.371058845394185
        }
    }
}