{
    "dmPFC": {
        "Sigma and w": {
            "a1": 2.247941034235091, 
            "a0": 397.0497742513939, 
            "a3": -0.18584706136760498, 
            "a2": 24.14279112505829, 
            "w": 1.6663465162500017, 
            "adj_r2": 0.009932649886479572, 
            "sigma": 9164.389498794868, 
            "bic": 2707558.084417602
        }, 
        "Divisive by Cat": {
            "a1": -13.678405692468544, 
            "a0": 383.41196914084054, 
            "a3": -0.18845518117524307, 
            "a2": 21.382123748043355, 
            "a4": 22.504104646990054, 
            "adj_r2": 0.03181505586282063, 
            "sigma": 0.0, 
            "bic": 2701238.9341647634
        }, 
        "Absolute": {
            "adj_r2": 0.017177397662565763, 
            "bic": 2705469.010132469, 
            "a1": -6.944073361306553, 
            "a0": 388.06709506196376, 
            "a3": -0.18807874363482585, 
            "a2": 23.973355629713716, 
            "sigma": 0.37105883887463964
        }
    }, 
    "vmPFC": {
        "Sigma and w": {
            "a1": 1.6805755889759655, 
            "a0": 272.9724929494367, 
            "a3": -0.9172258818111311, 
            "a2": 11.385661640072874, 
            "w": 1761.3917447392844, 
            "adj_r2": 0.02164133729735529, 
            "sigma": 1761.3506074065783, 
            "bic": 2503806.1235316745
        }, 
        "Divisive by Cat": {
            "a1": -8.983742620370922, 
            "a0": 265.30728335695244, 
            "a3": -0.9540219691832803, 
            "a2": 15.333963273179428, 
            "a4": 15.584794395479207, 
            "adj_r2": 0.03170579256586159, 
            "sigma": 0.0, 
            "bic": 2500882.511055752
        }, 
        "Absolute": {
            "adj_r2": 0.01582710043707214, 
            "bic": 2505468.867126243, 
            "a1": -3.5432126753784763, 
            "a0": 269.2902130681536, 
            "a3": -0.9535731894603846, 
            "a2": 17.142798027694635, 
            "sigma": 0.6102674691435996
        }
    }, 
    "OFCmed": {
        "Sigma and w": {
            "a1": 1.2453223713977144, 
            "a0": 243.53339570403455, 
            "a3": -0.5646964457601121, 
            "a2": 10.06172848543288, 
            "w": 774.014485378964, 
            "adj_r2": 0.03019809168424825, 
            "sigma": 774.0536358622967, 
            "bic": 2406080.0181362676
        }, 
        "Divisive by Cat": {
            "a1": -8.437854389305485, 
            "a0": 236.7828031906707, 
            "a3": -0.6031087178093024, 
            "a2": 14.474575796718849, 
            "a4": 14.224912144049311, 
            "adj_r2": 0.037667995389917275, 
            "sigma": 0.0, 
            "bic": 2403893.7968368526
        }, 
        "Absolute": {
            "adj_r2": 0.019998516704900604, 
            "bic": 2409025.542297865, 
            "a1": -3.8056920690145413, 
            "a0": 240.09214657016835, 
            "a3": -0.6027796453400187, 
            "a2": 16.11942274642916, 
            "sigma": 0.6275646412012439
        }
    }
}