{
    "dmPFC": {
        "Sigma and w": [
            2843306.3685024385, 
            0.05803252213018817, 
            [
                800.1145283519458, 
                -13.388570527866142, 
                46.08797845808064, 
                1.1031251467823524, 
                3317.632089565195, 
                91.40412498546546
            ]
        ], 
        "Divisive by Cat": [
            2835272.5817859834, 
            0.08404439647803696, 
            [
                780.3144643617147, 
                -21.333620613683195, 
                48.184660299733224, 
                1.1256349036437427, 
                96.01116880642297, 
                0.0
            ]
        ], 
        "Absolute": [
            2845398.2431780733, 
            0.05108658974223501, 
            [
                794.4826894825859, 
                -12.991959087393036, 
                49.71247651888191, 
                1.194409727862411, 
                20113.926359616617, 
                4213.105458438554
            ]
        ]
    }, 
    "vmPFC": {
        "Sigma and w": [
            2738349.828988161, 
            0.058017681963068, 
            [
                669.3033452628835, 
                -11.037817540663205, 
                38.104621622392855, 
                1.0081580036037805, 
                3786.862357924093, 
                121.6568583200004
            ]
        ], 
        "Divisive by Cat": [
            2730642.9493372547, 
            0.08298400580258103, 
            [
                653.0116092728745, 
                -17.53508166211637, 
                39.938563425066874, 
                1.0284203875195885, 
                79.35226960509712, 
                0.0
            ]
        ], 
        "Absolute": [
            2740432.022998716, 
            0.051103709710864975, 
            [
                664.4329804483415, 
                -10.771932096675162, 
                41.108537490369216, 
                1.0852048391342641, 
                6308.656751306186, 
                1569.263872481305
            ]
        ]
    }, 
    "OFCmed": {
        "Sigma and w": [
            2715090.6035256926, 
            0.05758300020720453, 
            [
                639.976581433361, 
                -10.666143940028425, 
                36.28701766580819, 
                1.1962682034740022, 
                6223.42650328337, 
                206.60686453269668
            ]
        ], 
        "Divisive by Cat": [
            2707450.1346832803, 
            0.08234811514203721, 
            [
                624.3621722222076, 
                -16.88841158953278, 
                38.055625543678175, 
                1.2160318957861875, 
                76.02525267202503, 
                0.0
            ]
        ], 
        "Absolute": [
            2717289.838656631, 
            0.05027785858301015, 
            [
                635.4516798841098, 
                -10.34200337725351, 
                39.22380435734058, 
                1.2704616764529981, 
                62.700527770685554, 
                16.443863295615504
            ]
        ]
    }
}