{
    "dmPFC": {
        "Sigma and w": {
            "a1": -13.382147101246439, 
            "a0": 800.1287831897622, 
            "a3": 1.1030374084413117, 
            "a2": 46.09053793449357, 
            "w": 0.006386850138325295, 
            "adj_r2": 0.05803252802281711, 
            "sigma": 0.02744125979471268, 
            "bic": 2843293.801415706
        }, 
        "Divisive by Cat": {
            "a1": -21.333620613683195, 
            "a0": 780.3144643617147, 
            "a3": 1.1256349036437427, 
            "a2": 48.184660299733224, 
            "a4": 96.01116880642297, 
            "adj_r2": 0.08404439647803696, 
            "sigma": 0.0, 
            "bic": 2835272.5817859834
        }, 
        "Absolute": {
            "adj_r2": 0.05108659042124408, 
            "bic": 2845385.677678262, 
            "a1": -12.991958748540526, 
            "a0": 794.4826895397343, 
            "a3": 1.194409737250731, 
            "a2": 49.71247663402139, 
            "sigma": 0.20948751512231856
        }
    }, 
    "vmPFC": {
        "Sigma and w": {
            "a1": -11.03875205918732, 
            "a0": 669.3012800908155, 
            "a3": 1.0081669262441417, 
            "a2": 38.104244935314604, 
            "w": 0.0076256517728363615, 
            "adj_r2": 0.0580176854164417, 
            "sigma": 0.032140332980316266, 
            "bic": 2738337.2626431985
        }, 
        "Divisive by Cat": {
            "a1": -17.53508166211637, 
            "a0": 653.0116092728745, 
            "a3": 1.0284203875195885, 
            "a2": 39.938563425066874, 
            "a4": 79.35226960509712, 
            "adj_r2": 0.08298400580258103, 
            "sigma": 0.0, 
            "bic": 2730642.9493372547
        }, 
        "Absolute": {
            "adj_r2": 0.05110370973930389, 
            "bic": 2740419.4576952886, 
            "a1": -10.771932308871314, 
            "a0": 664.4329798022897, 
            "a3": 1.0852048109269035, 
            "a2": 41.10853725914668, 
            "sigma": 0.24875379942829956
        }
    }, 
    "OFCmed": {
        "Sigma and w": {
            "a1": -10.661360813696145, 
            "a0": 639.9870546563159, 
            "a3": 1.1962049977565057, 
            "a2": 36.28899911937396, 
            "w": 0.007948058329174446, 
            "adj_r2": 0.057582996856742064, 
            "sigma": 0.03310520303718989, 
            "bic": 2715078.039249207
        }, 
        "Divisive by Cat": {
            "a1": -16.88841158953278, 
            "a0": 624.3621722222076, 
            "a3": 1.2160318957861875, 
            "a2": 38.055625543678175, 
            "a4": 76.02525267202503, 
            "adj_r2": 0.08234811514203721, 
            "sigma": 0.0, 
            "bic": 2707450.1346832803
        }, 
        "Absolute": {
            "adj_r2": 0.050277859099117084, 
            "bic": 2717277.2732061264, 
            "a1": -10.342003818748978, 
            "a0": 635.4516802462196, 
            "a3": 1.2704581176112864, 
            "a2": 39.22380433354565, 
            "sigma": 0.2622326056594937
        }
    }
}