{
    "dmPFC": {
        "Sigma and w": [
            2388959.337277737, 
            0.03305440903104584, 
            [
                298.0973765296486, 
                -9.530029095784865, 
                20.967024683259897, 
                0.39365077983087127, 
                1799.6904667845067, 
                423.3924345383919
            ]
        ], 
        "Divisive by Cat": [
            2378474.895475615, 
            0.06769257588714883, 
            [
                290.8571661090417, 
                -17.719988536488238, 
                18.87464612909961, 
                0.43767600514296134, 
                24.85145354721807, 
                0.0
            ]
        ], 
        "Absolute": [
            2388946.389533112, 
            0.03305569002690456, 
            [
                297.9844028254447, 
                -9.584338347788401, 
                20.988807065267046, 
                0.43437863160736134, 
                1047.2545210508797, 
                242.67167138021185
            ]
        ]
    }, 
    "vmPFC": {
        "Sigma and w": [
            2335052.5975689325, 
            0.02990121328951012, 
            [
                250.3010088150523, 
                -8.300242663257615, 
                17.90685724261667, 
                -0.08833766874412965, 
                1654.9757995042874, 
                422.8474008208577
            ]
        ], 
        "Divisive by Cat": [
            2325923.458614788, 
            0.060225830865054175, 
            [
                244.32223226832105, 
                -15.080049867656598, 
                16.14366982195665, 
                -0.05507979215884973, 
                21.35569987825937, 
                0.0
            ]
        ], 
        "Absolute": [
            2335039.6217177054, 
            0.029902593446472503, 
            [
                250.2014221058943, 
                -8.355643578609781, 
                17.922368827885272, 
                -0.05607447428190295, 
                2041.5705042996128, 
                513.4575709508453
            ]
        ]
    }, 
    "OFCmed": {
        "Sigma and w": [
            2190444.079735699, 
            0.03899158472811448, 
            [
                227.4108411430177, 
                -6.971693847063682, 
                16.49704441376952, 
                -0.10410291742126167, 
                3802.2068174755673, 
                1251.9072646309476
            ]
        ], 
        "Divisive by Cat": [
            2178272.6621061517, 
            0.07884636402612488, 
            [
                221.8308673219014, 
                -13.330209684110478, 
                14.87029791925556, 
                -0.10011544454197008, 
                18.755642080785762, 
                0.0
            ]
        ], 
        "Absolute": [
            2190431.512954842, 
            0.03899158248793988, 
            [
                227.41084061111502, 
                -6.9716946914134095, 
                16.49704423028215, 
                -0.1041027762386289, 
                1532.2560785257958, 
                504.31240689810994
            ]
        ]
    }
}