{
    "dmPFC": {
        "Sigma and w": {
            "a1": -5.984486014407635, 
            "a0": 301.5694036092553, 
            "a3": 0.4073030888240107, 
            "a2": 19.706851046509588, 
            "w": 2898.7465079653125, 
            "adj_r2": 0.030814427885293316, 
            "sigma": 2898.637983699218, 
            "bic": 2389610.992920487
        }, 
        "Divisive by Cat": {
            "a1": -17.719988536488238, 
            "a0": 290.8571661090417, 
            "a3": 0.43767600514296134, 
            "a2": 18.87464612909961, 
            "a4": 24.85145354721807, 
            "adj_r2": 0.06769257588714883, 
            "sigma": 0.0, 
            "bic": 2378474.895475615
        }, 
        "Absolute": {
            "adj_r2": 0.033055690092944845, 
            "bic": 2388933.8220634907, 
            "a1": -9.58433849203699, 
            "a0": 297.984403121885, 
            "a3": 0.4343774816315792, 
            "a2": 20.988807019817127, 
            "sigma": 0.23173630176382853
        }
    }, 
    "vmPFC": {
        "Sigma and w": {
            "a1": -5.175539847803399, 
            "a0": 253.4329579028697, 
            "a3": -0.0805704844411123, 
            "a2": 16.365834481585164, 
            "w": 4807.589427320372, 
            "adj_r2": 0.02883557810196391, 
            "sigma": 4807.492547640634, 
            "bic": 2335355.188137615
        }, 
        "Divisive by Cat": {
            "a1": -15.080049867656598, 
            "a0": 244.32223226832105, 
            "a3": -0.05507979215884973, 
            "a2": 16.14366982195665, 
            "a4": 21.35569987825937, 
            "adj_r2": 0.060225830865054175, 
            "sigma": 0.0, 
            "bic": 2325923.458614788
        }, 
        "Absolute": {
            "adj_r2": 0.029902593577293746, 
            "bic": 2335027.054228978, 
            "a1": -8.355643563715775, 
            "a0": 250.2014267180816, 
            "a3": -0.05608378230751213, 
            "a2": 17.922368705930854, 
            "sigma": 0.25147830236951574
        }
    }, 
    "OFCmed": {
        "Sigma and w": {
            "a1": -4.473196476780774, 
            "a0": 229.9155954089378, 
            "a3": -0.12304033646866755, 
            "a2": 15.498699418377983, 
            "w": 4756.28056351666, 
            "adj_r2": 0.037159214329802404, 
            "sigma": 4756.424369475537, 
            "bic": 2190978.3350176406
        }, 
        "Divisive by Cat": {
            "a1": -13.330209684110478, 
            "a0": 221.8308673219014, 
            "a3": -0.10011544454197008, 
            "a2": 14.87029791925556, 
            "a4": 18.755642080785762, 
            "adj_r2": 0.07884636402612488, 
            "sigma": 0.0, 
            "bic": 2178272.6621061517
        }, 
        "Absolute": {
            "adj_r2": 0.0389915847316018, 
            "bic": 2190418.944834626, 
            "a1": -6.971694429606128, 
            "a0": 227.41084054233522, 
            "a3": -0.10410278159989557, 
            "a2": 16.497044339392293, 
            "sigma": 0.32925787095980685
        }
    }
}