{
    "Absolute": {
        "vmPFC": {
            "r2": 0.029902593577293524,
            "bic": 2335027.054228978,
            "adj_r2": 0.029885696163793884,
            "a0": 250.20142695753918,
            "a1": -8.355643267077372,
            "a2": 17.922368738027473,
            "a3": -0.05608378771615108,
            "a4": 3.9764859489362063,
            "sigma": 1,
            "w1": 0,
            "w_v": 0,
            "w_avg": 0
        },
        "OFCmed": {
            "r2": 0.03899158473160147,
            "bic": 2190418.944834626,
            "adj_r2": 0.03897484563255649,
            "a0": 227.41084054497603,
            "a1": -6.971694426182513,
            "a2": 16.497044331372592,
            "a3": -0.10410278131358977,
            "a4": 3.0371331164150703,
            "sigma": 1,
            "w1": 0,
            "w_v": 0,
            "w_avg": 0
        },
        "dmPFC": {
            "r2": 0.03305569009308995,
            "bic": 2388933.822063447,
            "adj_r2": 0.03303884760106035,
            "a0": 297.9844025471572,
            "a1": -9.584338490977288,
            "a2": 20.98880704091641,
            "a3": 0.43437862898270296,
            "a4": 4.315236361450671,
            "sigma": 1,
            "w1": 0,
            "w_v": 0,
            "w_avg": 0
        }
    }
}