{
    "vmPFC": {
        "Divisive by Cat": {
            "bic": 2325923.463445471,
            "adj_r2": 0.06020617189931843,
            "a0": 244.33563724327493,
            "a1": -15.079505623008137,
            "a2": 16.13967797095928,
            "a3": -0.061615537562737265,
            "a4": 21.34696130550622,
            "sigma": 1.0027302987936082e-07
        },
        "Divisive by Cat Plus Vt": {
            "bic": 2334820.0074727917,
            "adj_r2": 0.030624215192426862,
            "a0": 250.36843889810356,
            "a1": -9.468475697269438,
            "a2": 17.519530479769244,
            "a3": -0.06555524370177743,
            "a4": 34.20267888893183,
            "sigma": 1.3840443595993523
        },
        "Divisive by Cat Denominator": {
            "bic": 2336498.9022383704,
            "adj_r2": 0.02497743730590618,
            "a0": 253.84033159076614,
            "a1": -4.400228658625956,
            "a2": 18.48670775657275,
            "a3": -0.08319008100214376,
            "w1": 21.402113883962425,
            "w2": 230.88752713833267,
            "sigma": 492401865.8952204
        },
        "Constituent Values": {
            "bic": 2335367.767597653,
            "adj_r2": 0.028811854905831158,
            "a0": 253.4329523563183,
            "a1": -5.175600838015675,
            "a2": 16.365792973314356,
            "a3": -0.08057028350477485,
            "w1": 968.2490337742997,
            "w2": 2458.767717604889,
            "sigma": 1280.828335920576
        },
        "Absolute": {
            "bic": 2335027.054228978,
            "adj_r2": 0.029885696163793996,
            "a0": 250.20142693922676,
            "a1": -8.355643313318847,
            "a2": 17.922368739443044,
            "a3": -0.05608375094092595,
            "sigma": 0.25147831844916824
        }
    },
    "OFCmed": {
        "Divisive by Cat": {
            "bic": 2178272.6877697655,
            "adj_r2": 0.07882702772749894,
            "a0": 221.8570394195574,
            "a1": -13.329028961609554,
            "a2": 14.862533059256643,
            "a3": -0.11286853682487986,
            "a4": 18.738479362889084,
            "sigma": 6.278979558516085e-10
        },
        "Divisive by Cat Plus Vt": {
            "bic": 2190148.664728153,
            "adj_r2": 0.03991795403663678,
            "a0": 227.49695822166294,
            "a1": -7.89196112954447,
            "a2": 16.175433687535953,
            "a3": -0.11123957077128459,
            "a4": 26.278954770008557,
            "sigma": 1.2960316136583057
        },
        "Divisive by Cat Denominator": {
            "bic": 2191840.8549800683,
            "adj_r2": 0.034280586630164867,
            "a0": 230.19013457206222,
            "a1": -3.950658780562893,
            "a2": 16.928070788277818,
            "a3": -0.12480577216883404,
            "w1": 4.131488041558638,
            "w2": 208.01342203814346,
            "sigma": 562960217.0866039
        },
        "Constituent Values": {
            "bic": 2190990.913829654,
            "adj_r2": 0.037135696633569415,
            "a0": 229.9155723630579,
            "a1": -4.473237229264633,
            "a2": 15.498677949388796,
            "a3": -0.123040146444797,
            "w1": 1002.099031880314,
            "w2": 2426.243178796779,
            "sigma": 1207.1665329700918
        },
        "Absolute": {
            "bic": 2190418.944834626,
            "adj_r2": 0.03897484563255682,
            "a0": 227.41084054495434,
            "a1": -6.9716944264694645,
            "a2": 16.497044331333075,
            "a3": -0.10410278194995075,
            "sigma": 0.3292578728364479
        }
    },
    "dmPFC": {
        "Divisive by Cat": {
            "bic": 2378474.9035608144,
            "adj_r2": 0.0676730625467673,
            "a0": 290.87784591194145,
            "a1": -17.719163453580443,
            "a2": 18.868484592825904,
            "a3": 0.42758743157143786,
            "a4": 24.837987827322706,
            "sigma": 1.4671507564401054e-08
        },
        "Divisive by Cat Plus Vt": {
            "bic": 2388689.5432448355,
            "adj_r2": 0.03390027833381515,
            "a0": 298.5320811471187,
            "a1": -10.092241808457025,
            "a2": 20.475011276888885,
            "a3": 0.42922356449046234,
            "a4": 27.62851904137673,
            "sigma": 5.517977186286771e-10
        },
        "Divisive by Cat Denominator": {
            "bic": 2390371.0501918886,
            "adj_r2": 0.02826374155864908,
            "a0": 301.9333014179036,
            "a1": -5.291966555443665,
            "a2": 21.6012214766505,
            "a3": 0.40496314063754113,
            "w1": 71.96116346601467,
            "w2": 265.3075337341736,
            "sigma": 425105501.4433823
        },
        "Constituent Values": {
            "bic": 2389623.6326735616,
            "adj_r2": 0.030790549459180583,
            "a0": 301.5693321515942,
            "a1": -5.9846883779169975,
            "a2": 19.706696154157303,
            "a3": 0.4073038318781044,
            "w1": 300.331730402016,
            "w2": 836.1009403899777,
            "sigma": 470.80583276618313
        },
        "Absolute": {
            "bic": 2388933.822063447,
            "adj_r2": 0.03303884760106035,
            "a0": 297.98440254350925,
            "a1": -9.584338489009024,
            "a2": 20.98880704629579,
            "a3": 0.4343786288387874,
            "sigma": 0.23173701650890188
        }
    }
}