{
    "dmPFC": {
        "Sigma and w": {
            "a1": -5.292165560162944, 
            "a0": 301.93311580937933, 
            "a3": 0.40496446231494887, 
            "a2": 21.60119383530183, 
            "w": 59.47887934921957, 
            "adj_r2": 0.028287836643434483, 
            "sigma": 5086.322728922557, 
            "bic": 2390358.3648246443
        }, 
        "Divisive by Cat": {
            "a1": -17.719988536488238, 
            "a0": 290.8571661090417, 
            "a3": 0.43767600514296134, 
            "a2": 18.87464612909961, 
            "a4": 24.85145354721807, 
            "adj_r2": 0.06769257588714883, 
            "sigma": 0.0, 
            "bic": 2378474.895475615
        }, 
        "Absolute": {
            "adj_r2": 0.033055690092944845, 
            "bic": 2388933.8220634907, 
            "a1": -9.58433849203699, 
            "a0": 297.984403121885, 
            "a3": 0.4343774816315792, 
            "a2": 20.988807019817127, 
            "sigma": 0.23173630176382853
        }
    }, 
    "vmPFC": {
        "Sigma and w": {
            "a1": -4.4003659168084575, 
            "a0": 253.84020388063158, 
            "a3": -0.08318923227540492, 
            "a2": 18.486687512837833, 
            "w": 81.17275617598655, 
            "adj_r2": 0.025001529850200876, 
            "sigma": 7225.085176010871, 
            "bic": 2336486.241610641
        }, 
        "Divisive by Cat": {
            "a1": -15.080049867656598, 
            "a0": 244.32223226832105, 
            "a3": -0.05507979215884973, 
            "a2": 16.14366982195665, 
            "a4": 21.35569987825937, 
            "adj_r2": 0.060225830865054175, 
            "sigma": 0.0, 
            "bic": 2325923.458614788
        }, 
        "Absolute": {
            "adj_r2": 0.029902593577293746, 
            "bic": 2335027.054228978, 
            "a1": -8.355643563715775, 
            "a0": 250.2014267180816, 
            "a3": -0.05608378230751213, 
            "a2": 17.922368705930854, 
            "sigma": 0.25147830236951574
        }
    }, 
    "OFCmed": {
        "Sigma and w": {
            "a1": -3.951196521268065, 
            "a0": 230.18963844737053, 
            "a3": -0.12480217605129207, 
            "a2": 16.927994736821525, 
            "w": 2.310134272158381, 
            "adj_r2": 0.034305797023195916, 
            "sigma": 1841.1320275665278, 
            "bic": 2191827.7937290343
        }, 
        "Divisive by Cat": {
            "a1": -13.330209684110478, 
            "a0": 221.8308673219014, 
            "a3": -0.10011544454197008, 
            "a2": 14.87029791925556, 
            "a4": 18.755642080785762, 
            "adj_r2": 0.07884636402612488, 
            "sigma": 0.0, 
            "bic": 2178272.6621061517
        }, 
        "Absolute": {
            "adj_r2": 0.0389915847316018, 
            "bic": 2190418.944834626, 
            "a1": -6.971694429606128, 
            "a0": 227.41084054233522, 
            "a3": -0.10410278159989557, 
            "a2": 16.497044339392293, 
            "sigma": 0.32925787095980685
        }
    }
}