{
    "dmPFC": {
        "Sigma and w": [
            3086551.12993344, 
            0.028740540395217673, 
            [
                1137.0955130726272, 
                -48.896489023962694, 
                56.88260260156314, 
                0.3114851552795981, 
                9907.193745154162, 
                49546.18959624027
            ]
        ], 
        "Divisive by Cat": [
            3082336.9226225684, 
            0.0428229367733608, 
            [
                1111.721472560026, 
                -57.17373434743608, 
                56.36891448601797, 
                0.36317216524993307, 
                40.686753741003756, 
                0.0
            ]
        ], 
        "Absolute": [
            3085476.3852867763, 
            0.03232002235394449, 
            [
                1124.5429434033365, 
                -52.85772293578384, 
                57.24646693690173, 
                0.3103273485193747, 
                3137.4961921081203, 
                538.6361331587416
            ]
        ]
    }, 
    "vmPFC": {
        "Sigma and w": [
            2922155.198921843, 
            0.028926290743740757, 
            [
                883.3262915324051, 
                -35.89236428348215, 
                43.687131425159194, 
                -0.004213944939146952, 
                9825.378576172694, 
                55465.77210020335
            ]
        ], 
        "Divisive by Cat": [
            2918553.2618863764, 
            0.040967051491608286, 
            [
                865.7326639206447, 
                -41.632468410176756, 
                43.32679582095531, 
                0.03181021333313083, 
                28.34642366669314, 
                0.0
            ]
        ], 
        "Absolute": [
            2921232.5032453057, 
            0.03199359798438295, 
            [
                874.5934860714904, 
                -38.64818478901455, 
                43.940273749755455, 
                -0.005018735731772589, 
                3078.687100783629, 
                752.9687971230492
            ]
        ]
    }, 
    "OFCmed": {
        "Sigma and w": [
            2905587.969212101, 
            0.031604784581392154, 
            [
                849.4512202388946, 
                -36.57973939378146, 
                43.35456107330706, 
                -0.3965951216961577, 
                897.7839533100489, 
                255.43646465611215
            ]
        ], 
        "Divisive by Cat": [
            2902989.520774345, 
            0.040270426112126945, 
            [
                839.6900984570573, 
                -39.26343148436723, 
                43.19709747954363, 
                0.11465085590643298, 
                26.590835213009086, 
                0.0
            ]
        ], 
        "Absolute": [
            2905572.6392779103, 
            0.03161407642544156, 
            [
                848.4465538053013, 
                -36.323744212334766, 
                43.75968606250958, 
                0.08012141972574238, 
                1918.520194990784, 
                527.5115580111722
            ]
        ]
    }
}