{
    "dmPFC": {
        "Sigma and w": {
            "a1": -48.7542543370908, 
            "a0": 1137.540466572319, 
            "a3": 0.31164772092083126, 
            "a2": 56.87050116536628, 
            "w": 3936.1254310553422, 
            "adj_r2": 0.028481446393842424, 
            "sigma": 48948.36812658982, 
            "bic": 3086615.2918574084
        }, 
        "Divisive by Cat": {
            "a1": -57.17373434743608, 
            "a0": 1111.721472560026, 
            "a3": 0.36317216524993307, 
            "a2": 56.36891448601797, 
            "a4": 40.686753741003756, 
            "adj_r2": 0.0428229367733608, 
            "sigma": 0.0, 
            "bic": 3082336.9226225684
        }, 
        "Absolute": {
            "adj_r2": 0.032320023218714966, 
            "bic": 3085463.81542566, 
            "a1": -52.857723489524, 
            "a0": 1124.54294074882, 
            "a3": 0.310327350099484, 
            "a2": 57.24646696047347, 
            "sigma": 0.17173115625592406
        }
    }, 
    "vmPFC": {
        "Sigma and w": {
            "a1": -35.765994766414856, 
            "a0": 883.720756692516, 
            "a3": -0.0041509004227293644, 
            "a2": 43.67648960425474, 
            "w": 3785.9783156123317, 
            "adj_r2": 0.0286422193464696, 
            "sigma": 54744.141655731815, 
            "bic": 2922226.772990909
        }, 
        "Divisive by Cat": {
            "a1": -41.632468410176756, 
            "a0": 865.7326639206447, 
            "a3": 0.03181021333313083, 
            "a2": 43.32679582095531, 
            "a4": 28.34642366669314, 
            "adj_r2": 0.040967051491608286, 
            "sigma": 0.0, 
            "bic": 2918553.2618863764
        }, 
        "Absolute": {
            "adj_r2": 0.031993598045976346, 
            "bic": 2921219.9336229707, 
            "a1": -38.64818452134565, 
            "a0": 874.5934868143005, 
            "a3": -0.005018709223727505, 
            "a2": 43.94027410745373, 
            "sigma": 0.2445523381661574
        }
    }, 
    "OFCmed": {
        "Sigma and w": {
            "a1": -33.76004750544129, 
            "a0": 856.5643748905346, 
            "a3": 0.0809083245382638, 
            "a2": 43.525182084002594, 
            "w": 3443.118952485668, 
            "adj_r2": 0.02881372787212677, 
            "sigma": 56431.9717189576, 
            "bic": 2906403.3429076876
        }, 
        "Divisive by Cat": {
            "a1": -39.26343148436723, 
            "a0": 839.6900984570573, 
            "a3": 0.11465085590643298, 
            "a2": 43.19709747954363, 
            "a4": 26.590835213009086, 
            "adj_r2": 0.040270426112126945, 
            "sigma": 0.0, 
            "bic": 2902989.520774345
        }, 
        "Absolute": {
            "adj_r2": 0.03161407643549785, 
            "bic": 2905560.0696708923, 
            "a1": -36.32374420181343, 
            "a0": 848.4465410428978, 
            "a3": 0.08014697373134509, 
            "a2": 43.759686115882474, 
            "sigma": 0.2749685042630996
        }
    }
}