{
    "dmPFC": {
        "Sigma and w": {
            "a1": 2.246810516169873, 
            "a0": 296.56503393945536, 
            "a3": -0.8141878140974299, 
            "a2": 14.626901270772535, 
            "w": 2.4614106508179154, 
            "adj_r2": 0.0063430000052268065, 
            "sigma": 7961.398603546981, 
            "bic": 2579981.796236478
        }, 
        "Divisive by Cat": {
            "a1": -4.456070784720289, 
            "a0": 289.3581315250517, 
            "a3": -0.7523487906420883, 
            "a2": 12.632840169760193, 
            "a4": 10.806417412880979, 
            "adj_r2": 0.014462429829846468, 
            "sigma": 0.0, 
            "bic": 2577641.730102068
        }, 
        "Absolute": {
            "adj_r2": 0.006373224023023205, 
            "bic": 2579960.5600401727, 
            "a1": 1.8230280439952145, 
            "a0": 296.0807391161054, 
            "a3": -0.811258687004133, 
            "a2": 14.610322382432884, 
            "sigma": 2.3350013364982405
        }
    }, 
    "vmPFC": {
        "Sigma and w": {
            "a1": 1.931743784579995, 
            "a0": 246.99754326814818, 
            "a3": -1.0715951029615052, 
            "a2": 13.395410743846794, 
            "w": 315.72054003462836, 
            "adj_r2": 0.008952424296382433, 
            "sigma": 7715.019877861979, 
            "bic": 2430916.8291135556
        }, 
        "Divisive by Cat": {
            "a1": -5.096623744642388, 
            "a0": 239.44053992960082, 
            "a3": -1.006712031302257, 
            "a2": 11.304659152467973, 
            "a4": 11.332085305355864, 
            "adj_r2": 0.02397091778176963, 
            "sigma": 0.0, 
            "bic": 2426561.688537296
        }, 
        "Absolute": {
            "adj_r2": 0.009284437810148205, 
            "bic": 2430808.704509017, 
            "a1": 0.8501904818726659, 
            "a0": 245.76111192761184, 
            "a3": -1.0640184303411846, 
            "a2": 13.353798637740644, 
            "sigma": 0.9139749842160092
        }
    }, 
    "OFCmed": {
        "Sigma and w": {
            "a1": 1.5677006476562678, 
            "a0": 232.07177118641874, 
            "a3": -0.9852777097633194, 
            "a2": 12.690279135922292, 
            "w": 239.87916692194395, 
            "adj_r2": 0.010064064013303176, 
            "sigma": 7851.082623422783, 
            "bic": 2364648.791563766
        }, 
        "Divisive by Cat": {
            "a1": -5.050578483130307, 
            "a0": 224.95570189149754, 
            "a3": -0.9241786148535098, 
            "a2": 10.721519919501599, 
            "a4": 10.670884103750346, 
            "adj_r2": 0.026845490605404643, 
            "sigma": 0.0, 
            "bic": 2359772.5209322227
        }, 
        "Absolute": {
            "adj_r2": 0.010417145921866933, 
            "bic": 2364534.4876071136, 
            "a1": 0.574125482226575, 
            "a0": 230.93591056805786, 
            "a3": -0.9783150698802969, 
            "a2": 12.652053418255274, 
            "sigma": 0.9949031047798909
        }
    }
}