{
    "dmPFC": {
        "Sigma and w": {
            "a1": 1.6877247878213903, 
            "a0": 295.79979336683937, 
            "a3": -0.8364300259935754, 
            "a2": 9.872637339677452, 
            "w": 1779.9941801948828, 
            "adj_r2": 0.008677114749462644, 
            "sigma": 1780.0827625114632, 
            "bic": 2579311.0550954523
        }, 
        "Divisive by Cat": {
            "a1": -4.456070784720289, 
            "a0": 289.3581315250517, 
            "a3": -0.7523487906420883, 
            "a2": 12.632840169760193, 
            "a4": 10.806417412880979, 
            "adj_r2": 0.014462429829846468, 
            "sigma": 0.0, 
            "bic": 2577641.730102068
        }, 
        "Absolute": {
            "adj_r2": 0.006373224023023205, 
            "bic": 2579960.5600401727, 
            "a1": 1.8230280439952145, 
            "a0": 296.0807391161054, 
            "a3": -0.811258687004133, 
            "a2": 14.610322382432884, 
            "sigma": 2.3350013364982405
        }
    }, 
    "vmPFC": {
        "Sigma and w": {
            "a1": 1.5625672386206677, 
            "a0": 246.49196255740776, 
            "a3": -1.0862785233138463, 
            "a2": 10.25226554744208, 
            "w": 4990.639383957405, 
            "adj_r2": 0.010668651311830146, 
            "sigma": 4990.5055625687255, 
            "bic": 2430422.5011254363
        }, 
        "Divisive by Cat": {
            "a1": -5.096623744642388, 
            "a0": 239.44053992960082, 
            "a3": -1.006712031302257, 
            "a2": 11.304659152467973, 
            "a4": 11.332085305355864, 
            "adj_r2": 0.02397091778176963, 
            "sigma": 0.0, 
            "bic": 2426561.688537296
        }, 
        "Absolute": {
            "adj_r2": 0.009284437810148205, 
            "bic": 2430808.704509017, 
            "a1": 0.8501904818726659, 
            "a0": 245.76111192761184, 
            "a3": -1.0640184303411846, 
            "a2": 13.353798637740644, 
            "sigma": 0.9139749842160092
        }
    }, 
    "OFCmed": {
        "Sigma and w": {
            "a1": 1.2664751746071008, 
            "a0": 231.65922462978756, 
            "a3": -0.9972560324404908, 
            "a2": 10.125496927442747, 
            "w": 4896.404179094794, 
            "adj_r2": 0.011504054959403875, 
            "sigma": 4896.24004936427, 
            "bic": 2364233.620200794
        }, 
        "Divisive by Cat": {
            "a1": -5.050578483130307, 
            "a0": 224.95570189149754, 
            "a3": -0.9241786148535098, 
            "a2": 10.721519919501599, 
            "a4": 10.670884103750346, 
            "adj_r2": 0.026845490605404643, 
            "sigma": 0.0, 
            "bic": 2359772.5209322227
        }, 
        "Absolute": {
            "adj_r2": 0.010417145921866933, 
            "bic": 2364534.4876071136, 
            "a1": 0.574125482226575, 
            "a0": 230.93591056805786, 
            "a3": -0.9783150698802969, 
            "a2": 12.652053418255274, 
            "sigma": 0.9949031047798909
        }
    }
}