{
    "Absolute": {
        "vmPFC": {
            "r2": 0.009284437810179846,
            "bic": 2430808.704509008,
            "adj_r2": 0.009267069024026409,
            "a0": 245.76111123531086,
            "a1": 0.8501898276754136,
            "a2": 13.3537989643839,
            "a3": -1.0640183974433142,
            "a4": 1.0941162214211773,
            "sigma": 1,
            "w1": 0,
            "w_v": 0,
            "w_avg": 0
        },
        "OFCmed": {
            "r2": 0.010417145921867377,
            "bic": 2364534.4876071136,
            "adj_r2": 0.010399796993850519,
            "a0": 230.9359103779417,
            "a1": 0.5741232296823582,
            "a2": 12.652053392548602,
            "a3": -0.9783148962781205,
            "a4": 1.0051235301125792,
            "sigma": 1,
            "w1": 0,
            "w_v": 0,
            "w_avg": 0
        },
        "dmPFC": {
            "r2": 0.006373224023661694,
            "bic": 2579960.560039989,
            "adj_r2": 0.006355804199398407,
            "a0": 296.08073744854,
            "a1": 1.8230268895402872,
            "a2": 14.610322333305078,
            "a3": -0.8112583152456061,
            "a4": 0.4282307341271583,
            "sigma": 1,
            "w1": 0,
            "w_v": 0,
            "w_avg": 0
        }
    }
}