{
    "vmPFC": {
        "Divisive by Cat": {
            "bic": 2430916.840295354,
            "adj_r2": 0.008931535839165616,
            "a0": 246.9976722132887,
            "a1": 1.9318558411205742,
            "a2": 13.39541484425923,
            "a3": -1.0715975127691013,
            "a4": 614.719797209459,
            "sigma": 35467716.5583405
        },
        "Divisive by Cat Plus Vt": {
            "bic": 2430821.4640411627,
            "adj_r2": 0.00926290542635122,
            "a0": 245.76316295998947,
            "a1": 0.8513010841789339,
            "a2": 13.353173859683519,
            "a3": -1.0640454715700411,
            "a4": 1425.6239884148226,
            "sigma": 1299.2676800159081
        },
        "Divisive by Cat Denominator": {
            "bic": 2430929.4042894416,
            "adj_r2": 0.00892805030127053,
            "a0": 246.99769296248206,
            "a1": 1.931874028593434,
            "a2": 13.395415559079964,
            "a3": -1.0715976194832564,
            "w1": 30.221214851449133,
            "w2": 150.70215635591038,
            "sigma": 372695680.6098354
        },
        "Constituent Values": {
            "bic": 2430929.316478337,
            "adj_r2": 0.008928355438993951,
            "a0": 246.99750333407903,
            "a1": 1.9317292420664023,
            "a2": 13.395311649284,
            "a3": -1.0715960112880172,
            "w1": 2267.5008857959056,
            "w2": 14.959643755974275,
            "sigma": 2519.8615978076996
        },
        "Absolute": {
            "bic": 2430808.7045090185,
            "adj_r2": 0.009267069023989993,
            "a0": 245.76111118277436,
            "a1": 0.8501898975416221,
            "a2": 13.353798913607072,
            "a3": -1.0640183896375102,
            "sigma": 0.9139743113984236
        }
    },
    "OFCmed": {
        "Divisive by Cat": {
            "bic": 2364648.8074600664,
            "adj_r2": 0.01004318262213244,
            "a0": 232.07188600983767,
            "a1": 1.5678033831963936,
            "a2": 12.690284164584618,
            "a3": -0.9852775124054903,
            "a4": 583.9357669887418,
            "sigma": 47643453.08135935
        },
        "Divisive by Cat Plus Vt": {
            "bic": 2364547.1888929424,
            "adj_r2": 0.010395840258896394,
            "a0": 230.9370281047357,
            "a1": 0.574518363216386,
            "a2": 12.651499481692571,
            "a3": -0.9783341072158034,
            "a4": 1413.5948411481763,
            "sigma": 1401.8860842663228
        },
        "Divisive by Cat Denominator": {
            "bic": 2364661.370907844,
            "adj_r2": 0.01003970289010614,
            "a0": 232.0719104811741,
            "a1": 1.5678248325447832,
            "a2": 12.690285016050794,
            "a3": -0.9852776460218422,
            "w1": 15.62660075391014,
            "w2": 138.20955538395435,
            "sigma": 425677588.1786785
        },
        "Constituent Values": {
            "bic": 2364246.2157791406,
            "adj_r2": 0.011479673004875623,
            "a0": 231.6591177349616,
            "a1": 1.266459805007528,
            "a2": 10.125490483069381,
            "a3": -0.9972569089907222,
            "w1": 1039.7132677541877,
            "w2": 1631.6759524986153,
            "sigma": 675.2539503499778
        },
        "Absolute": {
            "bic": 2364534.4876071136,
            "adj_r2": 0.010399796993850519,
            "a0": 230.93591037462156,
            "a1": 0.5741232317214096,
            "a2": 12.652053392580315,
            "a3": -0.9783148962670294,
            "sigma": 0.9949023392398477
        }
    },
    "dmPFC": {
        "Divisive by Cat": {
            "bic": 2579981.800042798,
            "adj_r2": 0.00632208224547437,
            "a0": 296.5647099257423,
            "a1": 2.2463756285976983,
            "a2": 14.626610218647917,
            "a3": -0.8142246759110412,
            "a4": 630.3534802535237,
            "sigma": 20860076.246789254
        },
        "Divisive by Cat Plus Vt": {
            "bic": 2579981.8010869194,
            "adj_r2": 0.006322078607681747,
            "a0": 296.56472088296147,
            "a1": 2.246385210543421,
            "a2": 14.62661058853061,
            "a3": -0.8142247440710909,
            "a4": 1387.8035087859566,
            "sigma": 311090337.2037021
        },
        "Divisive by Cat Denominator": {
            "bic": 2579994.3622346465,
            "adj_r2": 0.006318593809414685,
            "a0": 296.56472853997514,
            "a1": 2.2463919041252822,
            "a2": 14.626610840119497,
            "a3": -0.814224792955514,
            "w1": 88.50168452983297,
            "w2": 175.4653506210957,
            "sigma": 319179039.11359036
        },
        "Constituent Values": {
            "bic": 2579323.5999596613,
            "adj_r2": 0.00865283934366623,
            "a0": 295.79982738555947,
            "a1": 1.687751020517228,
            "a2": 9.872651768357759,
            "a3": -0.8364290350188471,
            "w1": 1594.3618397267387,
            "w2": 2189.7791824371307,
            "sigma": 723.4813218385937
        },
        "Absolute": {
            "bic": 2579960.56004001,
            "adj_r2": 0.006355804199326576,
            "a0": 296.0807374506845,
            "a1": 1.8230268935954244,
            "a2": 14.610322332934604,
            "a3": -0.8112583149968755,
            "sigma": 2.3351249328074717
        }
    }
}