{
    "vmPFC": {
        "Divisive by Cat": {
            "bic": 2364648.8074600664,
            "adj_r2": 0.01004318262213244,
            "a0": 232.07188600983767,
            "a1": 1.5678033831963936,
            "a2": 12.690284164584618,
            "a3": -0.9852775124054903,
            "a4": 583.9357669887418,
            "sigma": 47643453.08135935
        },
        "Sigma and w": {
            "bic": 2364233.6090246476,
            "adj_r2": 0.011483297775355839,
            "a0": 231.65924618614935,
            "a1": 1.2664403907371662,
            "a2": 10.125482558328585,
            "a3": -0.9972571360012997,
            "sigma": 4890.127575074734,
            "w": 4889.963430128588
        },
        "Absolute": {
            "bic": 2364534.4876071136,
            "adj_r2": 0.010399796993850519,
            "a0": 230.93591037462156,
            "a1": 0.5741232317214096,
            "a2": 12.652053392580315,
            "a3": -0.9783148962670294,
            "sigma": 0.9949023392398477
        }
    },
    "OFCmed": {
        "Divisive by Cat": {
            "bic": 2430916.840295354,
            "adj_r2": 0.008931535839165616,
            "a0": 246.9976722132887,
            "a1": 1.9318558411205742,
            "a2": 13.39541484425923,
            "a3": -1.0715975127691013,
            "a4": 614.719797209459,
            "sigma": 35467716.5583405
        },
        "Sigma and w": {
            "bic": 2430422.500086599,
            "adj_r2": 0.010647841419995085,
            "a0": 246.49196261585834,
            "a1": 1.5625671955374443,
            "a2": 10.252265535214404,
            "a3": -1.0862785822700691,
            "sigma": 4990.960516704141,
            "w": 4991.094439560209
        },
        "Absolute": {
            "bic": 2430808.7045090185,
            "adj_r2": 0.009267069023989993,
            "a0": 245.76111118277436,
            "a1": 0.8501898975416221,
            "a2": 13.353798913607072,
            "a3": -1.0640183896375102,
            "sigma": 0.9139743113984236
        }
    },
    "dmPFC": {
        "Divisive by Cat": {
            "bic": 2537387.1734857624,
            "adj_r2": 0.018323544917784318,
            "a0": 283.158136457988,
            "a1": -5.226456842791884,
            "a2": 11.980941475768061,
            "a3": -1.5947175069132675,
            "a4": 11.956754480746733,
            "sigma": 3.248507018938085e-09
        },
        "Sigma and w": {
            "bic": 2540280.505425107,
            "adj_r2": 0.008314036796848834,
            "a0": 290.5596062229357,
            "a1": 1.7926837285925903,
            "a2": 10.747408463429199,
            "a3": -1.668156984981256,
            "sigma": 1794.8402876436885,
            "w": 1794.9623824428766
        },
        "Absolute": {
            "bic": 2540602.307373764,
            "adj_r2": 0.00715422745710359,
            "a0": 289.82751843915315,
            "a1": 1.072047564334653,
            "a2": 14.152358778361837,
            "a3": -1.644162717513688,
            "sigma": 0.8781565324385563
        }
    }
}