{
    "dmPFC": {
        "Sigma and w": [
            2579933.518984173, 
            0.00655493760577619, 
            [
                297.52964961333333, 
                3.1430892386970686, 
                14.915759696231037, 
                -0.8165370409270947, 
                -4039.167731983469, 
                481.97750341640983
            ]
        ], 
        "Divisive by Cat": [
            2577641.730102068, 
            0.014462429829846468, 
            [
                289.3581315250517, 
                -4.456070784720289, 
                12.632840169760193, 
                -0.7523487906420883, 
                10.806417412880979, 
                0.0
            ]
        ], 
        "Absolute": [
            2579973.121292134, 
            0.006373223030268549, 
            [
                296.0807391724987, 
                1.8230284469029898, 
                14.610322388339569, 
                -0.8112582218145393, 
                753.1037078287499, 
                1752.9263459820063
            ]
        ]
    }, 
    "vmPFC": {
        "Sigma and w": [
            2430916.333777907, 
            0.00899779192863337, 
            [
                246.9100096518395, 
                1.8551762774351663, 
                13.39246554151403, 
                -1.0710601731252898, 
                983.6953300595153, 
                12680.054957817765
            ]
        ], 
        "Divisive by Cat": [
            2426561.688537296, 
            0.02397091778176963, 
            [
                239.44053992960082, 
                -5.096623744642388, 
                11.304659152467973, 
                -1.006712031302257, 
                11.332085305355864, 
                0.0
            ]
        ], 
        "Absolute": [
            2430821.2655679556, 
            0.00928443749080099, 
            [
                245.76111184835523, 
                0.8501866119894957, 
                13.353798954738922, 
                -1.0640184490671742, 
                8405.473470453928, 
                7678.142815737715
            ]
        ]
    }, 
    "OFCmed": {
        "Sigma and w": [
            2364642.5719158873, 
            0.0101292484535489, 
            [
                231.96159738210812, 
                1.471330193085735, 
                12.686571869173495, 
                -0.984601474235884, 
                1131.7338340541216, 
                11594.720227903796
            ]
        ], 
        "Divisive by Cat": [
            2359772.5209322227, 
            0.026845490605404643, 
            [
                224.95570189149754, 
                -5.050578483130307, 
                10.721519919501599, 
                -0.9241786148535098, 
                10.670884103750346, 
                0.0
            ]
        ], 
        "Absolute": [
            2364547.048961271, 
            0.010417144578560578, 
            [
                230.93591228019332, 
                0.5741207030580249, 
                12.652053421855777, 
                -0.9783150519519913, 
                1021.993503570608, 
                1017.9139650460418
            ]
        ]
    }
}