{
    "dmPFC": {
        "Sigma and w": [
            2502911.3237145147, 
            0.02382912693109418, 
            [
                337.6010091527101, 
                -5.637562715601948, 
                18.091327536258802, 
                0.11345440627299265, 
                698.8569501469592, 
                185.93495137139175
            ]
        ], 
        "Divisive by Cat": [
            2498511.869946144, 
            0.03857047333442154, 
            [
                334.37753996255674, 
                -9.04584360491178, 
                16.41427063663202, 
                0.15264375938266994, 
                13.486724267454733, 
                0.0
            ]
        ], 
        "Absolute": [
            2502898.6833736175, 
            0.023829359153458407, 
            [
                337.52286400101923, 
                -5.619071765309018, 
                18.12520378736652, 
                0.1519900073780455, 
                2554.604023807924, 
                677.9869876891044
            ]
        ]
    }, 
    "vmPFC": {
        "Sigma and w": [
            2361573.688675979, 
            0.024617185589272172, 
            [
                275.0313634065939, 
                -4.501172765803495, 
                13.71180543165852, 
                -0.3645146268491285, 
                2320.3727702014276, 
                735.3245351138809
            ]
        ], 
        "Divisive by Cat": [
            2358293.8513638675, 
            0.03560866914584826, 
            [
                273.2603119892848, 
                -6.5973416734349115, 
                12.395182811563096, 
                -0.3576628593968394, 
                10.127024025003983, 
                0.0
            ]
        ], 
        "Absolute": [
            2361561.078369318, 
            0.024617316011704693, 
            [
                275.0036192990972, 
                -4.5131396107966175, 
                13.718375820439547, 
                -0.35851355823647735, 
                539.7430248695655, 
                170.57725754155786
            ]
        ]
    }, 
    "OFCmed": {
        "Sigma and w": [
            2130560.8199063437, 
            0.04090148013586625, 
            [
                238.9130735460459, 
                -3.407209447577751, 
                13.371847052675488, 
                0.02792580826127035, 
                2794.211973053927, 
                1174.6024774148516
            ]
        ], 
        "Divisive by Cat": [
            2123727.7635597596, 
            0.06332515339950617, 
            [
                236.79458484824892, 
                -5.686741109926286, 
                12.27555748132151, 
                0.029136137865293676, 
                8.691861559490132, 
                0.0
            ]
        ], 
        "Absolute": [
            2130548.1781078023, 
            0.040901713146069385, 
            [
                238.89502057027372, 
                -3.4202665183591647, 
                13.373647512795863, 
                0.02879968937691108, 
                8235.363933348628, 
                3448.2130826260627
            ]
        ]
    }
}