{
    "Absolute": {
        "vmPFC": {
            "r2": 0.02461732323214505,
            "bic": 2361548.5044782436,
            "adj_r2": 0.024600406774002215,
            "a0": 275.0036197218634,
            "a1": -4.513139520991117,
            "a2": 13.718375963769905,
            "a3": -0.3585139208064616,
            "a4": 3.165734285407391,
            "sigma": 1,
            "w1": 0,
            "w_v": 0,
            "w_avg": 0
        },
        "OFCmed": {
            "r2": 0.040901713764302516,
            "bic": 2130535.6061650813,
            "adj_r2": 0.040885079732962404,
            "a0": 238.89504152071626,
            "a1": -3.420266569533945,
            "a2": 13.373647533408416,
            "a3": 0.028757535380572796,
            "a4": 2.3879986932788326,
            "sigma": 1,
            "w1": 0,
            "w_v": 0,
            "w_avg": 0
        },
        "dmPFC": {
            "r2": 0.023829359786240234,
            "bic": 2502886.11142985,
            "adj_r2": 0.023812429662127155,
            "a0": 337.5228622027891,
            "a1": -5.619072228123357,
            "a2": 18.12520384132663,
            "a3": 0.1519904522769945,
            "a4": 3.767350595803051,
            "sigma": 1,
            "w1": 0,
            "w_v": 0,
            "w_avg": 0
        }
    }
}