{
    "vmPFC": {
        "Divisive by Cat": {
            "bic": 2358293.8514681472,
            "adj_r2": 0.03558859773047984,
            "a0": 273.26032892173475,
            "a1": -6.596158437508241,
            "a2": 12.395548389257085,
            "a3": -0.35750009422690004,
            "a4": 10.126250143802386,
            "sigma": 3.06062399868523e-08
        },
        "Divisive by Cat Plus Vt": {
            "bic": 2361557.935011888,
            "adj_r2": 0.024607651028351607,
            "a0": 274.928667933618,
            "a1": -4.642889473717607,
            "a2": 13.69091168559229,
            "a3": -0.3583521041610207,
            "a4": 768.7433008619523,
            "sigma": 229.5588886814357
        },
        "Divisive by Cat Denominator": {
            "bic": 2365316.2641414227,
            "adj_r2": 0.011848687804253744,
            "a0": 280.8156777264113,
            "a1": 0.08142280008834746,
            "a2": 13.356837980621677,
            "a3": -0.35512507550232186,
            "w1": 92.5645732926856,
            "w2": 181.04240760949756,
            "sigma": 534139147.85653764
        },
        "Constituent Values": {
            "bic": 2364264.649470485,
            "adj_r2": 0.01544654242988619,
            "a0": 280.2576667073325,
            "a1": -0.480189735372417,
            "a2": 10.161930338383627,
            "a3": -0.3706508731075103,
            "w1": 724.5076307990334,
            "w2": 2280.4745634809956,
            "sigma": 1217.7562326000284
        },
        "Absolute": {
            "bic": 2361548.504478243,
            "adj_r2": 0.024600406774002548,
            "a0": 275.0036194632417,
            "a1": -4.513139448392362,
            "a2": 13.718375854234207,
            "a3": -0.3585139105127809,
            "sigma": 0.31588248465119784
        }
    },
    "OFCmed": {
        "Divisive by Cat": {
            "bic": 2123727.7727987804,
            "adj_r2": 0.06330562915504678,
            "a0": 236.80909231070495,
            "a1": -5.689053409348657,
            "a2": 12.270068112259908,
            "a3": 0.021822616618731604,
            "a4": 8.687534799227585,
            "sigma": 1.5224439486871688e-09
        },
        "Divisive by Cat Plus Vt": {
            "bic": 2130521.724771719,
            "adj_r2": 0.040969753326178804,
            "a0": 238.74455137856677,
            "a1": -3.6812782722636497,
            "a2": 13.318232231820614,
            "a3": 0.029096174190506238,
            "a4": 230.1729215064349,
            "sigma": 83.04872895692637
        },
        "Divisive by Cat Denominator": {
            "bic": 2135298.1572983298,
            "adj_r2": 0.024987731837032845,
            "a0": 243.2792256411762,
            "a1": 0.04552966829834659,
            "a2": 13.100930418465381,
            "a3": 0.03131403673784661,
            "w1": 52.48460947863541,
            "w2": 154.73954659059592,
            "sigma": 590008167.9660753
        },
        "Constituent Values": {
            "bic": 2134795.4591629496,
            "adj_r2": 0.026686343632428167,
            "a0": 243.020128974109,
            "a1": -0.21518013630587024,
            "a2": 11.617836662505885,
            "a3": 0.02410675967049763,
            "w1": 680.3349267430658,
            "w2": 2197.864450503371,
            "sigma": 1199.809368808031
        },
        "Absolute": {
            "bic": 2130535.6061650813,
            "adj_r2": 0.040885079732962515,
            "a0": 238.89504152237473,
            "a1": -3.4202665695077106,
            "a2": 13.373647533432004,
            "a3": 0.028757531792380633,
            "sigma": 0.4187606981664991
        }
    },
    "dmPFC": {
        "Divisive by Cat": {
            "bic": 2498511.8720572935,
            "adj_r2": 0.03855045686896996,
            "a0": 334.38953156602315,
            "a1": -9.045368778553724,
            "a2": 16.41037447003308,
            "a3": 0.14688724568058614,
            "a4": 13.481674400875905,
            "sigma": 3.114642899149089e-08
        },
        "Divisive by Cat Plus Vt": {
            "bic": 2502897.26130187,
            "adj_r2": 0.023813858092405216,
            "a0": 337.4559793831456,
            "a1": -5.73496317503075,
            "a2": 18.100650828782637,
            "a3": 0.15213424040124351,
            "a4": 1206.894842630651,
            "sigma": 307.09875771309487
        },
        "Divisive by Cat Denominator": {
            "bic": 2506160.3339973893,
            "adj_r2": 0.012741931148887775,
            "a0": 344.43944754859837,
            "a1": -0.15135657694691673,
            "a2": 17.694959087072164,
            "a3": 0.15602327142042327,
            "w1": 144.6979747861584,
            "w2": 213.7134424646788,
            "sigma": 147313475.28028455
        },
        "Constituent Values": {
            "bic": 2505905.293872036,
            "adj_r2": 0.013614907504153062,
            "a0": 344.0883657763261,
            "a1": -0.5047551309209778,
            "a2": 15.68487300848852,
            "a3": 0.14625465823437192,
            "w1": 767.1894483439959,
            "w2": 2382.576598813668,
            "sigma": 1257.5359795489205
        },
        "Absolute": {
            "bic": 2502886.11142985,
            "adj_r2": 0.023812429662127266,
            "a0": 337.5228622195234,
            "a1": -5.619072228869972,
            "a2": 18.12520384135472,
            "a3": 0.15199042046117178,
            "sigma": 0.26543852880965946
        }
    }
}