{
    "dmPFC": {
        "Sigma and w": {
            "a1": -0.505362206174995, 
            "a0": 344.087609090505, 
            "a3": 0.1462519665314673, 
            "a2": 15.684581498535254, 
            "w": 265.14626859809084, 
            "adj_r2": 0.013638569415393542, 
            "sigma": 265.3166506774324, 
            "bic": 2505892.8062532744
        }, 
        "Divisive by Cat": {
            "a1": -9.04584360491178, 
            "a0": 334.37753996255674, 
            "a3": 0.15264375938266994, 
            "a2": 16.41427063663202, 
            "a4": 13.486724267454733, 
            "adj_r2": 0.03857047333442154, 
            "sigma": 0.0, 
            "bic": 2498511.869946144
        }, 
        "Absolute": {
            "adj_r2": 0.0238293597862399, 
            "bic": 2502886.11142985, 
            "a1": -5.619072212559901, 
            "a0": 337.5228602307817, 
            "a3": 0.15199436969045763, 
            "a2": 18.125203956639762, 
            "sigma": 0.26543853013490293
        }
    }, 
    "vmPFC": {
        "Sigma and w": {
            "a1": -0.48034902687343933, 
            "a0": 280.2575694725027, 
            "a3": -0.3706518604708977, 
            "a2": 10.161853920400034, 
            "w": 988.0683351116134, 
            "adj_r2": 0.015470508745058065, 
            "sigma": 988.1755385314962, 
            "bic": 2364252.0598466345
        }, 
        "Divisive by Cat": {
            "a1": -6.5973416734349115, 
            "a0": 273.2603119892848, 
            "a3": -0.3576628593968394, 
            "a2": 12.395182811563096, 
            "a4": 10.127024025003983, 
            "adj_r2": 0.03560866914584826, 
            "sigma": 0.0, 
            "bic": 2358293.8513638675
        }, 
        "Absolute": {
            "adj_r2": 0.024617323232145383, 
            "bic": 2361548.504478243, 
            "a1": -4.513139719438321, 
            "a0": 275.0036196404904, 
            "a3": -0.3585139100507108, 
            "a2": 13.718375848037677, 
            "sigma": 0.31588248617465964
        }
    }, 
    "OFCmed": {
        "Sigma and w": {
            "a1": -0.21519641591848832, 
            "a0": 243.02002092963667, 
            "a3": 0.02410699300669848, 
            "a2": 11.61783301393121, 
            "w": 1272.0293981776747, 
            "adj_r2": 0.026709800766876346, 
            "sigma": 1271.798518136351, 
            "bic": 2134782.939320048
        }, 
        "Divisive by Cat": {
            "a1": -5.686741109926286, 
            "a0": 236.79458484824892, 
            "a3": 0.029136137865293676, 
            "a2": 12.27555748132151, 
            "a4": 8.691861559490132, 
            "adj_r2": 0.06332515339950617, 
            "sigma": 0.0, 
            "bic": 2123727.7635597596
        }, 
        "Absolute": {
            "adj_r2": 0.04090171376400942, 
            "bic": 2130535.6061651693, 
            "a1": -3.420266515250119, 
            "a0": 238.89501921414876, 
            "a3": 0.028802037190129297, 
            "a2": 13.373647480495816, 
            "sigma": 0.4187606951864329
        }
    }
}