{
    "dmPFC": {
        "Sigma and w": {
            "a1": -0.15263228282107208, 
            "a0": 344.43783225787956, 
            "a3": 0.15602193366374512, 
            "a2": 17.69506036175924, 
            "w": 0.13437720384440688, 
            "adj_r2": 0.012771042564631352, 
            "sigma": 1140.9005991708111, 
            "bic": 2506146.2610823023
        }, 
        "Divisive by Cat": {
            "a1": -9.04584360491178, 
            "a0": 334.37753996255674, 
            "a3": 0.15264375938266994, 
            "a2": 16.41427063663202, 
            "a4": 13.486724267454733, 
            "adj_r2": 0.03857047333442154, 
            "sigma": 0.0, 
            "bic": 2498511.869946144
        }, 
        "Absolute": {
            "adj_r2": 0.0238293597862399, 
            "bic": 2502886.11142985, 
            "a1": -5.619072212559901, 
            "a0": 337.5228602307817, 
            "a3": 0.15199436969045763, 
            "a2": 18.125203956639762, 
            "sigma": 0.26543853013490293
        }
    }, 
    "vmPFC": {
        "Sigma and w": {
            "a1": 0.08124835780171542, 
            "a0": 280.8154594391613, 
            "a3": -0.3551254362997902, 
            "a2": 13.356850804408404, 
            "w": 9.730257611381736, 
            "adj_r2": 0.0118736495609717, 
            "sigma": 8200.101118189725, 
            "bic": 2365303.409636136
        }, 
        "Divisive by Cat": {
            "a1": -6.5973416734349115, 
            "a0": 273.2603119892848, 
            "a3": -0.3576628593968394, 
            "a2": 12.395182811563096, 
            "a4": 10.127024025003983, 
            "adj_r2": 0.03560866914584826, 
            "sigma": 0.0, 
            "bic": 2358293.8513638675
        }, 
        "Absolute": {
            "adj_r2": 0.024617323232145383, 
            "bic": 2361548.504478243, 
            "a1": -4.513139719438321, 
            "a0": 275.0036196404904, 
            "a3": -0.3585139100507108, 
            "a2": 13.718375848037677, 
            "sigma": 0.31588248617465964
        }
    }, 
    "OFCmed": {
        "Sigma and w": {
            "a1": 0.04533726308018343, 
            "a0": 243.2789983870179, 
            "a3": 0.03129739896525852, 
            "a2": 13.100944938348222, 
            "w": 4.851989205670989, 
            "adj_r2": 0.025013179378531314, 
            "sigma": 7448.37743958282, 
            "bic": 2135285.061004922
        }, 
        "Divisive by Cat": {
            "a1": -5.686741109926286, 
            "a0": 236.79458484824892, 
            "a3": 0.029136137865293676, 
            "a2": 12.27555748132151, 
            "a4": 8.691861559490132, 
            "adj_r2": 0.06332515339950617, 
            "sigma": 0.0, 
            "bic": 2123727.7635597596
        }, 
        "Absolute": {
            "adj_r2": 0.04090171376400942, 
            "bic": 2130535.6061651693, 
            "a1": -3.420266515250119, 
            "a0": 238.89501921414876, 
            "a3": 0.028802037190129297, 
            "a2": 13.373647480495816, 
            "sigma": 0.4187606951864329
        }
    }
}