{
    "dmPFC": {
        "Sigma and w": [
            2753570.739052547, 
            0.021817109011991298, 
            [
                282.8586107799729, 
                29.173865150140657, 
                15.053598085516194, 
                -0.08524408980343688, 
                -1620.1929500921094, 
                1200.872149402798
            ]
        ], 
        "Divisive by Cat": [
            2753634.2297213487, 
            0.02155679258738652, 
            [
                282.60181314399534, 
                29.176204297583624, 
                15.288223027142699, 
                -0.09357229825060642, 
                -7.550809968401943, 
                0.0
            ]
        ], 
        "Absolute": [
            2753558.165280869, 
            0.021817145438196017, 
            [
                282.8995104975517, 
                29.169487904568815, 
                15.045040440995026, 
                -0.09363500412326912, 
                -165.2049667712098, 
                122.07689300888151
            ]
        ]
    }, 
    "vmPFC": {
        "Sigma and w": [
            2631335.4876279416, 
            0.021585033902973394, 
            [
                273.6219756560944, 
                23.373436292073684, 
                16.537210351891517, 
                0.11010464427826924, 
                -632.668286145083, 
                781.9659818987674
            ]
        ], 
        "Divisive by Cat": [
            2631376.5168201686, 
            0.021401562158645415, 
            [
                273.21449993015824, 
                23.386417647703272, 
                16.646613320397876, 
                0.11000356120820953, 
                -3.904012900403136, 
                0.0
            ]
        ], 
        "Absolute": [
            2631323.24936034, 
            0.021583921856450194, 
            [
                273.46226855274796, 
                23.38541325475549, 
                16.516051441770554, 
                0.1098555948856757, 
                -916.3189158003448, 
                1290.6663629899447
            ]
        ]
    }, 
    "OFCmed": {
        "Sigma and w": [
            2523816.468872957, 
            0.025035881961400386, 
            [
                241.99509842744357, 
                21.927367429144454, 
                14.823028298222702, 
                -0.06661355418695775, 
                -1517.6478635073538, 
                3423.07496719439
            ]
        ], 
        "Divisive by Cat": [
            2523854.023127563, 
            0.024864912746582868, 
            [
                241.83924999125574, 
                21.92780634022825, 
                14.904382871485357, 
                -0.06677318497081264, 
                -2.4360074273178727, 
                0.0
            ]
        ], 
        "Absolute": [
            2523803.673043447, 
            0.025036675723670965, 
            [
                242.08618887953654, 
                21.929607246571855, 
                14.81816671763762, 
                -0.06700290036967992, 
                -359.129710490732, 
                790.9889928724876
            ]
        ]
    }
}