{
    "dmPFC": {
        "Sigma and w": {
            "a1": 28.8635109810006, 
            "a0": 271.26121798161637, 
            "a3": -0.07746151537011489, 
            "a2": 15.643741568889846, 
            "w": 3084.525088853105, 
            "adj_r2": 0.015953703537296304, 
            "sigma": 1994.4893006773596, 
            "bic": 2755266.3363593426
        }, 
        "Divisive by Cat": {
            "a1": 29.176204297583624, 
            "a0": 282.60181314399534, 
            "a3": -0.09357229825060642, 
            "a2": 15.288223027142699, 
            "a4": -7.550809968401943, 
            "adj_r2": 0.02155679258738652, 
            "sigma": 0.0, 
            "bic": 2753634.2297213487
        }, 
        "Absolute": {
            "adj_r2": 0.015953546649936756, 
            "bic": 2755253.8188003316, 
            "a1": 28.86348826356124, 
            "a0": 271.2611111963714, 
            "a3": -0.0773356355354535, 
            "a2": 15.643749144659363, 
            "sigma": 41784.88811722265
        }
    }, 
    "vmPFC": {
        "Sigma and w": {
            "a1": 23.224825052420123, 
            "a0": 267.35130566758403, 
            "a3": 0.11838812908122454, 
            "a2": 16.83041297811832, 
            "w": 2433.7963406580084, 
            "adj_r2": 0.019103797871017014, 
            "sigma": 2896.332999402722, 
            "bic": 2632046.8469855203
        }, 
        "Divisive by Cat": {
            "a1": 23.386417647703272, 
            "a0": 273.21449993015824, 
            "a3": 0.11000356120820953, 
            "a2": 16.646613320397876, 
            "a4": -3.904012900403136, 
            "adj_r2": 0.021401562158645415, 
            "sigma": 0.0, 
            "bic": 2631376.5168201686
        }, 
        "Absolute": {
            "adj_r2": 0.019103696506225676, 
            "bic": 2632034.313394153, 
            "a1": 23.224731449859462, 
            "a0": 267.3509030483022, 
            "a3": 0.11839057915582823, 
            "a2": 16.830436249179694, 
            "sigma": 41539.744336398726
        }
    }, 
    "OFCmed": {
        "Sigma and w": {
            "a1": 21.82702489520298, 
            "a0": 238.18058648412017, 
            "a3": -0.06153312563837818, 
            "a2": 15.019087660086267, 
            "w": 3557.8100407267875, 
            "adj_r2": 0.02356630004565763, 
            "sigma": 13674.913432270678, 
            "bic": 2524234.407806015
        }, 
        "Divisive by Cat": {
            "a1": 21.92780634022825, 
            "a0": 241.83924999125574, 
            "a3": -0.06677318497081264, 
            "a2": 14.904382871485357, 
            "a4": -2.4360074273178727, 
            "adj_r2": 0.024864912746582868, 
            "sigma": 0.0, 
            "bic": 2523854.023127563
        }, 
        "Absolute": {
            "adj_r2": 0.02356617239245251, 
            "bic": 2524221.882044815, 
            "a1": 21.826915496044784, 
            "a0": 238.18041769973567, 
            "a3": -0.06154621534989173, 
            "a2": 15.01908988316007, 
            "sigma": 36475.92859206106
        }
    }
}