{
    "dmPFC": {
        "Sigma and w": {
            "a1": 29.507716219723456, 
            "a0": 270.4092276607665, 
            "a3": -0.06269067814408802, 
            "a2": 14.103162477624922, 
            "w": 1935.0414204454162, 
            "adj_r2": 0.016789104457976656, 
            "sigma": 1935.1269832414362, 
            "bic": 2755023.585373172
        }, 
        "Divisive by Cat": {
            "a1": 29.176204297583624, 
            "a0": 282.60181314399534, 
            "a3": -0.09357229825060642, 
            "a2": 15.288223027142699, 
            "a4": -7.550809968401943, 
            "adj_r2": 0.02155679258738652, 
            "sigma": 0.0, 
            "bic": 2753634.2297213487
        }, 
        "Absolute": {
            "adj_r2": 0.015953546649936756, 
            "bic": 2755253.8188003316, 
            "a1": 28.86348826356124, 
            "a0": 271.2611111963714, 
            "a3": -0.0773356355354535, 
            "a2": 15.643749144659363, 
            "sigma": 41784.88811722265
        }
    }, 
    "vmPFC": {
        "Sigma and w": {
            "a1": 24.184904663573292, 
            "a0": 266.081175630148, 
            "a3": 0.14026420372671475, 
            "a2": 14.534325798401174, 
            "w": 2003.723252008031, 
            "adj_r2": 0.021950454306547962, 
            "sigma": 2003.6659623453993, 
            "bic": 2631216.154807353
        }, 
        "Divisive by Cat": {
            "a1": 23.386417647703272, 
            "a0": 273.21449993015824, 
            "a3": 0.11000356120820953, 
            "a2": 16.646613320397876, 
            "a4": -3.904012900403136, 
            "adj_r2": 0.021401562158645415, 
            "sigma": 0.0, 
            "bic": 2631376.5168201686
        }, 
        "Absolute": {
            "adj_r2": 0.019103696506225676, 
            "bic": 2632034.313394153, 
            "a1": 23.224731449859462, 
            "a0": 267.3509030483022, 
            "a3": 0.11839057915582823, 
            "a2": 16.830436249179694, 
            "sigma": 41539.744336398726
        }
    }, 
    "OFCmed": {
        "Sigma and w": {
            "a1": 22.533755563741494, 
            "a0": 237.24573401256274, 
            "a3": -0.04543609011406843, 
            "a2": 13.328802385959149, 
            "w": 1851.4499358918247, 
            "adj_r2": 0.025805604957867656, 
            "sigma": 1851.3720317155078, 
            "bic": 2523578.1626399243
        }, 
        "Divisive by Cat": {
            "a1": 21.92780634022825, 
            "a0": 241.83924999125574, 
            "a3": -0.06677318497081264, 
            "a2": 14.904382871485357, 
            "a4": -2.4360074273178727, 
            "adj_r2": 0.024864912746582868, 
            "sigma": 0.0, 
            "bic": 2523854.023127563
        }, 
        "Absolute": {
            "adj_r2": 0.02356617239245251, 
            "bic": 2524221.882044815, 
            "a1": 21.826915496044784, 
            "a0": 238.18041769973567, 
            "a3": -0.06154621534989173, 
            "a2": 15.01908988316007, 
            "sigma": 36475.92859206106
        }
    }
}