{
    "vmPFC": {
        "Divisive by Cat": {
            "bic": 2523803.8746787542,
            "adj_r2": 0.025015520972514693,
            "a0": 242.08428787931803,
            "a1": 21.929577264934323,
            "a2": 14.818573945211414,
            "a3": -0.06698671270060501,
            "a4": -629.8976414353459,
            "sigma": 1382.6743951526876
        },
        "Sigma and w": {
            "bic": 2523578.180811816,
            "adj_r2": 0.025785092217979977,
            "a0": 237.24574200201653,
            "a1": 22.533750831182758,
            "a2": 13.328785870616194,
            "a3": -0.04543569348960229,
            "sigma": 1852.3245069283175,
            "w": 1852.2466028227223
        },
        "Absolute": {
            "bic": 2524221.83667995,
            "adj_r2": 0.023549245920242212,
            "a0": 238.18059946628352,
            "a1": 21.82692046080622,
            "a2": 15.019080395041696,
            "a3": -0.061541038665470275,
            "sigma": 286136.4921066674
        }
    },
    "OFCmed": {
        "Divisive by Cat": {
            "bic": 2631323.2577114757,
            "adj_r2": 0.021563353843025213,
            "a0": 273.462165634323,
            "a1": 23.38541184809203,
            "a2": 16.516074417416316,
            "a3": 0.10986453783052673,
            "a4": -23791.61436841525,
            "sigma": 33492.74157037241
        },
        "Sigma and w": {
            "bic": 2631216.1554325717,
            "adj_r2": 0.021929920435921346,
            "a0": 266.08117477178206,
            "a1": 24.18490477640336,
            "a2": 14.53432577110928,
            "a3": 0.14026619514610864,
            "sigma": 2003.5516837931189,
            "w": 2003.6090570730912
        },
        "Absolute": {
            "bic": 2632034.270692745,
            "adj_r2": 0.019086683536339244,
            "a0": 267.3510660320968,
            "a1": 23.224735707650627,
            "a2": 16.830428031005166,
            "a3": 0.11838849273398942,
            "sigma": 323619.71288837335
        }
    },
    "dmPFC": {
        "Divisive by Cat": {
            "bic": 2504035.083735786,
            "adj_r2": 0.02809880483162419,
            "a0": 220.3491260221129,
            "a1": 19.346801254408696,
            "a2": 13.825905476808098,
            "a3": -0.10800618742257997,
            "a4": -71855.65326709034,
            "sigma": 72064.77615388148
        },
        "Sigma and w": {
            "bic": 2505549.8244623346,
            "adj_r2": 0.022934468220221382,
            "a0": 210.83678666568085,
            "a1": 19.82840421696743,
            "a2": 12.566970675344079,
            "a3": -0.08456318468652976,
            "sigma": 1923.172235353937,
            "w": 1923.094715474224
        },
        "Absolute": {
            "bic": 2506242.554803965,
            "adj_r2": 0.020523922643611803,
            "a0": 211.770354635047,
            "a1": 19.121244694244254,
            "a2": 14.26720908034215,
            "a3": -0.09604023779954111,
            "sigma": 520112.3456833664
        }
    }
}