{
    "vmPFC": {
        "Divisive by Cat": {
            "bic": 2631323.2577114757,
            "adj_r2": 0.021563353843025213,
            "a0": 273.462165634323,
            "a1": 23.38541184809203,
            "a2": 16.516074417416316,
            "a3": 0.10986453783052673,
            "a4": -23791.61436841525,
            "sigma": 33492.74157037241
        },
        "Divisive by Cat Plus Vt": {
            "bic": 2631323.2553104693,
            "adj_r2": 0.021563362062210656,
            "a0": 273.46296068353155,
            "a1": 23.38535948992834,
            "a2": 16.516181995433872,
            "a3": 0.10986556615245878,
            "a4": -20309.408424117253,
            "sigma": 28567.896542431587
        },
        "Divisive by Cat Denominator": {
            "bic": 2632059.3906608634,
            "adj_r2": 0.019079841142266574,
            "a0": 267.35108970343055,
            "a1": 23.224736329984445,
            "a2": 16.830426813675697,
            "a3": 0.11838845356358367,
            "w1": 182.8026553288005,
            "w2": 140.8252946364339,
            "sigma": 7176601242.598124
        },
        "Constituent Values": {
            "bic": 2631228.736829107,
            "adj_r2": 0.021926435882857587,
            "a0": 266.0811857718989,
            "a1": 24.184899438940384,
            "a2": 14.534313643466906,
            "a3": 0.14026654041888625,
            "w1": 234.6583468458185,
            "w2": 2080.1665102338357,
            "sigma": 805.7999034648803
        },
        "Absolute": {
            "bic": 2632034.270692745,
            "adj_r2": 0.019086683536339244,
            "a0": 267.3510660320968,
            "a1": 23.224735707650627,
            "a2": 16.830428031005166,
            "a3": 0.11838849273398942,
            "sigma": 323619.71288837335
        }
    },
    "OFCmed": {
        "Divisive by Cat": {
            "bic": 2523803.8746787542,
            "adj_r2": 0.025015520972514693,
            "a0": 242.08428787931803,
            "a1": 21.929577264934323,
            "a2": 14.818573945211414,
            "a3": -0.06698671270060501,
            "a4": -629.8976414353459,
            "sigma": 1382.6743951526876
        },
        "Divisive by Cat Plus Vt": {
            "bic": 2524234.3909463733,
            "adj_r2": 0.02354585983259938,
            "a0": 238.18063197214357,
            "a1": 21.826921313553,
            "a2": 15.019078726166626,
            "a3": -0.061541204144272985,
            "a4": -1263.93991002582,
            "sigma": 1072993701.224385
        },
        "Divisive by Cat Denominator": {
            "bic": 2524246.956308555,
            "adj_r2": 0.02354243581480464,
            "a0": 238.18062631287748,
            "a1": 21.826921163687427,
            "a2": 15.019079019045012,
            "a3": -0.06154125183220132,
            "w1": 142.14876625451646,
            "w2": 121.8478673909948,
            "sigma": 7045115019.706443
        },
        "Constituent Values": {
            "bic": 2523590.744556919,
            "adj_r2": 0.025781681563997183,
            "a0": 237.24577527988973,
            "a1": 22.53374639276189,
            "a2": 13.328814174361266,
            "a3": -0.045436003432693405,
            "w1": 325.94038806942433,
            "w2": 2530.09892090403,
            "sigma": 759.8463821860313
        },
        "Absolute": {
            "bic": 2524221.83667995,
            "adj_r2": 0.023549245920242212,
            "a0": 238.18059946628352,
            "a1": 21.82692046080622,
            "a2": 15.019080395041696,
            "a3": -0.061541038665470275,
            "sigma": 286136.4921066674
        }
    },
    "dmPFC": {
        "Divisive by Cat": {
            "bic": 2753558.17347664,
            "adj_r2": 0.021796582859256564,
            "a0": 282.8993990141872,
            "a1": 29.169487217735043,
            "a2": 15.045071062536334,
            "a3": -0.09358685424464452,
            "a4": -58254.25657182711,
            "sigma": 43063.48235317224
        },
        "Divisive by Cat Plus Vt": {
            "bic": 2753558.1704692217,
            "adj_r2": 0.021796593151875876,
            "a0": 282.8995131551144,
            "a1": 29.16948059480219,
            "a2": 15.045057003270262,
            "a3": -0.09358671883355191,
            "a4": -668370.2466131768,
            "sigma": 494118.2779477932
        },
        "Divisive by Cat Denominator": {
            "bic": 2755278.8847897723,
            "adj_r2": 0.01592965350136266,
            "a0": 271.2613030401592,
            "a1": 28.86349296430172,
            "a2": 15.643739788510269,
            "a3": -0.0773536411210322,
            "w1": 202.08959013096356,
            "w2": 137.6255142171096,
            "sigma": 6855197569.56643
        },
        "Constituent Values": {
            "bic": 2755036.1398940845,
            "adj_r2": 0.01676505388785321,
            "a0": 270.4092237178471,
            "a1": 29.507718126058048,
            "a2": 14.10318231153825,
            "a3": -0.06267495890039813,
            "w1": 222.3248961338608,
            "w2": 2114.8279524351924,
            "sigma": 907.3010065544884
        },
        "Absolute": {
            "bic": 2755253.7660735785,
            "adj_r2": 0.015936513559257626,
            "a0": 271.2612801154313,
            "a1": 28.863492362070204,
            "a2": 15.643740967770952,
            "a3": -0.07735357812904964,
            "sigma": 333973.36783977726
        }
    }
}