{
    "Absolute": {
        "vmPFC": {
            "r2": 0.021583922815208156,
            "bic": 2631310.6859522425,
            "adj_r2": 0.021566806687105422,
            "a0": 273.46226426443866,
            "a1": 23.38541335714456,
            "a2": 16.51605152334315,
            "a3": 0.1098643984828116,
            "a4": -0.7102408809113421,
            "sigma": 1,
            "w1": 0,
            "w_v": 0,
            "w_avg": 0
        },
        "OFCmed": {
            "r2": 0.025036675984299706,
            "bic": 2523791.109839023,
            "adj_r2": 0.025019620257663133,
            "a0": 242.08618132278747,
            "a1": 21.92960733398684,
            "a2": 14.818166716477814,
            "a3": -0.06698879853697437,
            "a4": -0.45390372421447234,
            "sigma": 1,
            "w1": 0,
            "w_v": 0,
            "w_avg": 0
        },
        "dmPFC": {
            "r2": 0.021817149223007815,
            "bic": 2753545.6010469375,
            "adj_r2": 0.021800037174900533,
            "a0": 282.8994857964532,
            "a1": 29.169487808473754,
            "a2": 15.045040099368206,
            "a3": -0.09358689565293261,
            "a4": -1.352589957900042,
            "sigma": 1,
            "w1": 0,
            "w_v": 0,
            "w_avg": 0
        }
    }
}