{
    "dmPFC": {
        "Sigma and w": [
            2585052.454208029, 
            0.050550510791106285, 
            [
                358.38675736937034, 
                -6.780888869684755, 
                28.695203587342593, 
                -1.2302600940256514, 
                476.197600172982, 
                98.390703858997
            ]
        ], 
        "Divisive by Cat": [
            2582990.2711149687, 
            0.0572909468087246, 
            [
                357.62474370763044, 
                -8.78801502789306, 
                27.71732035913999, 
                -1.2258886277598862, 
                10.728153291467706, 
                0.0
            ]
        ], 
        "Absolute": [
            2585039.87939563, 
            0.050550527980631754, 
            [
                358.382315069021, 
                -6.7864798050140935, 
                28.697467965254315, 
                -1.2282223089130528, 
                1618.699338486324, 
                334.3266363754132
            ]
        ]
    }, 
    "vmPFC": {
        "Sigma and w": [
            2346288.3732987135, 
            0.06278122427633026, 
            [
                271.12617726140013, 
                -4.961385162534451, 
                21.265525917874918, 
                -0.34827077208660234, 
                562.0934399930466, 
                156.79104487844884
            ]
        ], 
        "Divisive by Cat": [
            2343528.3795607663, 
            0.07168931954608437, 
            [
                270.51726327772485, 
                -6.507158834994258, 
                20.5416260172879, 
                -0.34561213736586005, 
                7.995036183461437, 
                0.0
            ]
        ], 
        "Absolute": [
            2346275.8033386893, 
            0.06278122543610598, 
            [
                271.12382583771426, 
                -4.963259466692078, 
                21.266545978093255, 
                -0.34725350723850107, 
                5333.797000072672, 
                1487.4179718943496
            ]
        ]
    }, 
    "OFCmed": {
        "Sigma and w": [
            2224064.6136860717, 
            0.07230049784152337, 
            [
                240.82259596201135, 
                -4.028796101321729, 
                18.83838416456005, 
                -0.1421550267804888, 
                1239.9961928902974, 
                398.95050566161666
            ]
        ], 
        "Divisive by Cat": [
            2220716.798170912, 
            0.08299376527873248, 
            [
                240.25454875693717, 
                -5.39705599098535, 
                18.222031652531715, 
                -0.14092888914973312, 
                6.918587318889656, 
                0.0
            ]
        ], 
        "Absolute": [
            2224052.0773368916, 
            0.0723003906025419, 
            [
                240.82368054805244, 
                -4.005947714474507, 
                18.84352772236941, 
                -0.14223720947379537, 
                2237.143229775539, 
                726.3406203036478
            ]
        ]
    }
}