{
    "dmPFC": {
        "Sigma and w": {
            "a1": 4.502729468025999, 
            "a0": 367.45020399845106, 
            "a3": -1.2072782899611103, 
            "a2": 27.504412803822415, 
            "w": 575.5357188342714, 
            "adj_r2": 0.02268985575344795, 
            "sigma": 18477.820002273034, 
            "bic": 2593360.083740771
        }, 
        "Divisive by Cat": {
            "a1": -8.78801502789306, 
            "a0": 357.62474370763044, 
            "a3": -1.2258886277598862, 
            "a2": 27.71732035913999, 
            "a4": 10.728153291467706, 
            "adj_r2": 0.0572909468087246, 
            "sigma": 0.0, 
            "bic": 2582990.2711149687
        }, 
        "Absolute": {
            "adj_r2": 0.050550528012836105, 
            "bic": 2585027.309781842, 
            "a1": -6.786480149158098, 
            "a0": 358.38231476749814, 
            "a3": -1.2282225129003081, 
            "a2": 28.697468056499943, 
            "sigma": 0.20654525800091128
        }
    }, 
    "vmPFC": {
        "Sigma and w": {
            "a1": 3.397281494842743, 
            "a0": 277.838948911945, 
            "a3": -0.3317446347167315, 
            "a2": 20.38287352734568, 
            "w": 1.5731527978987052, 
            "adj_r2": 0.028189585701578257, 
            "sigma": 3648.337496473124, 
            "bic": 2356702.4770783996
        }, 
        "Divisive by Cat": {
            "a1": -6.507158834994258, 
            "a0": 270.51726327772485, 
            "a3": -0.34561213736586005, 
            "a2": 20.5416260172879, 
            "a4": 7.995036183461437, 
            "adj_r2": 0.07168931954608437, 
            "sigma": 0.0, 
            "bic": 2343528.3795607663
        }, 
        "Absolute": {
            "adj_r2": 0.06278122577033918, 
            "bic": 2346263.2336320654, 
            "a1": -4.963259259692623, 
            "a0": 271.1238252623654, 
            "a3": -0.3472535130837556, 
            "a2": 21.266546048021524, 
            "sigma": 0.27888600860752466
        }
    }, 
    "OFCmed": {
        "Sigma and w": {
            "a1": 3.1740695850388176, 
            "a0": 246.59084525276683, 
            "a3": -0.128924770396777, 
            "a2": 18.084704864800248, 
            "w": 23.49601597659546, 
            "adj_r2": 0.033679685594379394, 
            "sigma": 11106.76362610074, 
            "bic": 2235785.7919791685
        }, 
        "Divisive by Cat": {
            "a1": -5.39705599098535, 
            "a0": 240.25454875693717, 
            "a3": -0.14092888914973312, 
            "a2": 18.222031652531715, 
            "a4": 6.918587318889656, 
            "adj_r2": 0.08299376527873248, 
            "sigma": 0.0, 
            "bic": 2220716.798170912
        }, 
        "Absolute": {
            "adj_r2": 0.07230039485551176, 
            "bic": 2224039.506414014, 
            "a1": -4.005947834276374, 
            "a0": 240.82368641465294, 
            "a3": -0.14224904268560348, 
            "a2": 18.84352797645154, 
            "sigma": 0.32474951609040326
        }
    }
}