{
    "dmPFC": {
        "Sigma and w": {
            "a1": -6.786436889731439, 
            "a0": 358.3823365378808, 
            "a3": -1.2282254343271468, 
            "a2": 28.697466046358166, 
            "w": 1.1273521449695068e-08, 
            "adj_r2": 0.05055052764289325, 
            "sigma": 0.206545992193228, 
            "bic": 2585039.8794979635
        }, 
        "Divisive by Cat": {
            "a1": -8.78801502789306, 
            "a0": 357.62474370763044, 
            "a3": -1.2258886277598862, 
            "a2": 27.71732035913999, 
            "a4": 10.728153291467706, 
            "adj_r2": 0.0572909468087246, 
            "sigma": 0.0, 
            "bic": 2582990.2711149687
        }, 
        "Absolute": {
            "adj_r2": 0.050550528012836105, 
            "bic": 2585027.309781842, 
            "a1": -6.786480149158098, 
            "a0": 358.38231476749814, 
            "a3": -1.2282225129003081, 
            "a2": 28.697468056499943, 
            "sigma": 0.20654525800091128
        }
    }, 
    "vmPFC": {
        "Sigma and w": {
            "a1": -4.96270665642899, 
            "a0": 271.12389489479193, 
            "a3": -0.3472525092991258, 
            "a2": 21.266646533908883, 
            "w": 3.088710132104211e-08, 
            "adj_r2": 0.06278122354688709, 
            "sigma": 0.27893284811829044, 
            "bic": 2346275.803918586
        }, 
        "Divisive by Cat": {
            "a1": -6.507158834994258, 
            "a0": 270.51726327772485, 
            "a3": -0.34561213736586005, 
            "a2": 20.5416260172879, 
            "a4": 7.995036183461437, 
            "adj_r2": 0.07168931954608437, 
            "sigma": 0.0, 
            "bic": 2343528.3795607663
        }, 
        "Absolute": {
            "adj_r2": 0.06278122577033918, 
            "bic": 2346263.2336320654, 
            "a1": -4.963259259692623, 
            "a0": 271.1238252623654, 
            "a3": -0.3472535130837556, 
            "a2": 21.266546048021524, 
            "sigma": 0.27888600860752466
        }
    }, 
    "OFCmed": {
        "Sigma and w": {
            "a1": -4.032442905937937, 
            "a0": 240.82244249191504, 
            "a3": -0.1421638644012076, 
            "a2": 18.83755778621712, 
            "w": 0.0003713091221113629, 
            "adj_r2": 0.07230048564535596, 
            "sigma": 0.3213415277579257, 
            "bic": 2224052.0478640776
        }, 
        "Divisive by Cat": {
            "a1": -5.39705599098535, 
            "a0": 240.25454875693717, 
            "a3": -0.14092888914973312, 
            "a2": 18.222031652531715, 
            "a4": 6.918587318889656, 
            "adj_r2": 0.08299376527873248, 
            "sigma": 0.0, 
            "bic": 2220716.798170912
        }, 
        "Absolute": {
            "adj_r2": 0.07230039485551176, 
            "bic": 2224039.506414014, 
            "a1": -4.005947834276374, 
            "a0": 240.82368641465294, 
            "a3": -0.14224904268560348, 
            "a2": 18.84352797645154, 
            "sigma": 0.32474951609040326
        }
    }
}