{
    "vmPFC": {
        "Divisive by Cat": {
            "bic": 2343528.3802301055,
            "adj_r2": 0.07166995559661649,
            "a0": 270.51755680527833,
            "a1": -6.50712743222731,
            "a2": 20.541478918701014,
            "a3": -0.34577751328357414,
            "a4": 7.994954455436395,
            "sigma": 3.7812129716208176e-07
        },
        "Divisive by Cat Plus Vt": {
            "bic": 2346223.4831398656,
            "adj_r2": 0.06293211735431281,
            "a0": 271.128590022929,
            "a1": -5.984318081514094,
            "a2": 20.980797984205953,
            "a3": -0.34358337788364,
            "a4": 109.3243428344412,
            "sigma": 19.439175052905174
        },
        "Divisive by Cat Denominator": {
            "bic": 2356715.44289764,
            "adj_r2": 0.028164599891716602,
            "a0": 277.83965803566946,
            "a1": 3.397670191440099,
            "a2": 20.382978436696533,
            "a3": -0.33174166101887437,
            "w1": 105.10254720410126,
            "w2": 90.52912368156295,
            "sigma": 597503724.5444847
        },
        "Constituent Values": {
            "bic": 2356715.2813147544,
            "adj_r2": 0.028165145747960252,
            "a0": 277.8394273750709,
            "a1": 3.397537530362059,
            "a2": 20.382932304155815,
            "a3": -0.33174277200149743,
            "w1": 3436.1285155531627,
            "w2": 1.9924637308662567,
            "sigma": 4137.329728494855
        },
        "Absolute": {
            "bic": 2346263.2336320654,
            "adj_r2": 0.06276493617214407,
            "a0": 271.1238256145045,
            "a1": -4.963259818285993,
            "a2": 21.266546035210755,
            "a3": -0.34725351298475143,
            "sigma": 0.27888600943538266
        }
    },
    "OFCmed": {
        "Divisive by Cat": {
            "bic": 2220716.7987244716,
            "adj_r2": 0.08297463750162426,
            "a0": 240.25383329181153,
            "a1": -5.393517306290181,
            "a2": 18.22244629919402,
            "a3": -0.14024213365561275,
            "a4": 6.917508001422263,
            "sigma": 5.552447390755333e-11
        },
        "Divisive by Cat Plus Vt": {
            "bic": 2223900.086821783,
            "adj_r2": 0.07277105560270758,
            "a0": 240.84557277325086,
            "a1": -5.25252909788949,
            "a2": 18.484537242670243,
            "a3": -0.1376695642184752,
            "a4": 69.15774182605978,
            "sigma": 11.491871879550459
        },
        "Divisive by Cat Denominator": {
            "bic": 2235798.4914498813,
            "adj_r2": 0.033655735628424166,
            "a0": 246.59105336721166,
            "a1": 3.174184351662195,
            "a2": 18.08474512742425,
            "a3": -0.1289257086305824,
            "w1": 47.57684594975808,
            "w2": 78.93157062213544,
            "sigma": 761279037.6624126
        },
        "Constituent Values": {
            "bic": 2235798.4987513516,
            "adj_r2": 0.03365571110209564,
            "a0": 246.5910561131422,
            "a1": 3.1741907889238226,
            "a2": 18.08473895837903,
            "a3": -0.1289261193052851,
            "w1": 13651.277036125131,
            "w2": 87023.34152344964,
            "sigma": 18623.329534222168
        },
        "Absolute": {
            "bic": 2224039.506414014,
            "adj_r2": 0.07228427070795018,
            "a0": 240.82368539390797,
            "a1": -4.005947775157047,
            "a2": 18.843527974309357,
            "a3": -0.14224702119580773,
            "sigma": 0.3247495160165885
        }
    },
    "dmPFC": {
        "Divisive by Cat": {
            "bic": 2582990.2711149687,
            "adj_r2": 0.05727128471211107,
            "a0": 357.62474422449213,
            "a1": -8.788015725082962,
            "a2": 27.717319661057036,
            "a3": -1.2258896492316242,
            "a4": 10.728153332581108,
            "sigma": 1.1102230246251565e-14
        },
        "Divisive by Cat Plus Vt": {
            "bic": 2585028.810527661,
            "adj_r2": 0.05056725668060935,
            "a0": 358.3673369338346,
            "a1": -7.375785501073994,
            "a2": 28.542424928915878,
            "a3": -1.2262394288495242,
            "a4": 328.90767814751086,
            "sigma": 56.71193029993729
        },
        "Divisive by Cat Denominator": {
            "bic": 2593372.680382632,
            "adj_r2": 0.02266598274785314,
            "a0": 367.4503132818459,
            "a1": 4.502796988114025,
            "a2": 27.50443778647789,
            "a3": -1.2072778411665597,
            "w1": 207.89948043173752,
            "w2": 114.06726559030004,
            "sigma": 1449259599.0360398
        },
        "Constituent Values": {
            "bic": 2593372.217751797,
            "adj_r2": 0.02266755444032076,
            "a0": 367.44919248402437,
            "a1": 4.502140989539742,
            "a2": 27.504197484520745,
            "a3": -1.2072822671983583,
            "w1": 906.06169329229,
            "w2": 0.020722266978541848,
            "sigma": 466.8475820538501
        },
        "Absolute": {
            "bic": 2585027.309781842,
            "adj_r2": 0.050534025835510366,
            "a0": 358.38231487479686,
            "a1": -6.78648027530822,
            "a2": 28.69746797025499,
            "a3": -1.228222312839959,
            "sigma": 0.20654525961127734
        }
    }
}