{
    "vmPFC": {
        "Divisive by Cat": {
            "bic": 2220716.7987244716,
            "adj_r2": 0.08297463750162426,
            "a0": 240.25383329181153,
            "a1": -5.393517306290181,
            "a2": 18.22244629919402,
            "a3": -0.14024213365561275,
            "a4": 6.917508001422263,
            "sigma": 5.552447390755333e-11
        },
        "Sigma and w": {
            "bic": 2224052.0381897106,
            "adj_r2": 0.0722811678010965,
            "a0": 240.82278345050506,
            "a1": -4.024872382795883,
            "a2": 18.83927064110038,
            "a3": -0.14218700948910565,
            "sigma": 0.32231405517852996,
            "w": 0.0002625101072839531
        },
        "Absolute": {
            "bic": 2224039.506414014,
            "adj_r2": 0.07228427070795018,
            "a0": 240.82368539390797,
            "a1": -4.005947775157047,
            "a2": 18.843527974309357,
            "a3": -0.14224702119580773,
            "sigma": 0.3247495160165885
        }
    },
    "OFCmed": {
        "Divisive by Cat": {
            "bic": 2343528.3802301055,
            "adj_r2": 0.07166995559661649,
            "a0": 270.51755680527833,
            "a1": -6.50712743222731,
            "a2": 20.541478918701014,
            "a3": -0.34577751328357414,
            "a4": 7.994954455436395,
            "sigma": 3.7812129716208176e-07
        },
        "Sigma and w": {
            "bic": 2346275.8035668046,
            "adj_r2": 0.0627616771071331,
            "a0": 271.1238320737666,
            "a1": -4.963245513333686,
            "a2": 21.26654568050854,
            "a3": -0.34725409733581963,
            "sigma": 0.27888653659590257,
            "w": 4.979625689571776e-08
        },
        "Absolute": {
            "bic": 2346263.2336320654,
            "adj_r2": 0.06276493617214407,
            "a0": 271.1238256145045,
            "a1": -4.963259818285993,
            "a2": 21.266546035210755,
            "a3": -0.34725351298475143,
            "sigma": 0.27888600943538266
        }
    },
    "dmPFC": {
        "Divisive by Cat": {
            "bic": 2566796.891134166,
            "adj_r2": 0.04666930165523675,
            "a0": 324.01499954332365,
            "a1": -7.392298508575382,
            "a2": 25.574044536629728,
            "a3": -0.22012002393070992,
            "a4": 9.012578425490807,
            "sigma": 1.8158141656954285e-11
        },
        "Sigma and w": {
            "bic": 2568345.034690384,
            "adj_r2": 0.041525144421276194,
            "a0": 324.6735587743499,
            "a1": -6.775432741406602,
            "a2": 26.125830023580495,
            "a3": -0.2188531545979869,
            "sigma": 0.17399003064403784,
            "w": 0.008051818852125692
        },
        "Absolute": {
            "bic": 2568366.5822239746,
            "adj_r2": 0.04141480046568724,
            "a0": 324.6832424319975,
            "a1": -5.673522768496442,
            "a2": 26.392810328298875,
            "a3": -0.22275590564995895,
            "sigma": 0.24685259436350426
        }
    }
}