{
    "vmPFC": {
        "Divisive by Cat": {
            "bic": 2220716.7987244716,
            "adj_r2": 0.08297463750162426,
            "a0": 240.25383329181153,
            "a1": -5.393517306290181,
            "a2": 18.22244629919402,
            "a3": -0.14024213365561275,
            "a4": 6.917508001422263,
            "sigma": 5.552447390755333e-11
        },
        "Sigma and w": {
            "bic": 2235785.7869571275,
            "adj_r2": 0.03365954790678527,
            "a0": 246.59082723239726,
            "a1": 3.1740636770799133,
            "a2": 18.084709260984948,
            "a3": -0.12892701007493546,
            "sigma": 11071.23598113355,
            "w": 1.2690455562295635
        },
        "Absolute": {
            "bic": 2224039.506414014,
            "adj_r2": 0.07228427070795018,
            "a0": 240.82368539390797,
            "a1": -4.005947775157047,
            "a2": 18.843527974309357,
            "a3": -0.14224702119580773,
            "sigma": 0.3247495160165885
        }
    },
    "OFCmed": {
        "Divisive by Cat": {
            "bic": 2343528.3802301055,
            "adj_r2": 0.07166995559661649,
            "a0": 270.51755680527833,
            "a1": -6.50712743222731,
            "a2": 20.541478918701014,
            "a3": -0.34577751328357414,
            "a4": 7.994954455436395,
            "sigma": 3.7812129716208176e-07
        },
        "Sigma and w": {
            "bic": 2356702.4734388976,
            "adj_r2": 0.028169328932286852,
            "a0": 277.83895175257163,
            "a1": 3.3972823729463664,
            "a2": 20.3828724957947,
            "a3": -0.33174463190992987,
            "sigma": 3641.893826586568,
            "w": 0.01541070484249607
        },
        "Absolute": {
            "bic": 2346263.2336320654,
            "adj_r2": 0.06276493617214407,
            "a0": 271.1238256145045,
            "a1": -4.963259818285993,
            "a2": 21.266546035210755,
            "a3": -0.34725351298475143,
            "sigma": 0.27888600943538266
        }
    },
    "dmPFC": {
        "Divisive by Cat": {
            "bic": 2566796.891134166,
            "adj_r2": 0.04666930165523675,
            "a0": 324.01499954332365,
            "a1": -7.392298508575382,
            "a2": 25.574044536629728,
            "a3": -0.22012002393070992,
            "a4": 9.012578425490807,
            "sigma": 1.8158141656954285e-11
        },
        "Sigma and w": {
            "bic": 2574573.9636594905,
            "adj_r2": 0.020545667787433164,
            "a0": 332.2693621678522,
            "a1": 3.7717200110252205,
            "a2": 25.39440457643731,
            "a3": -0.2052360802115126,
            "sigma": 2134.864190820944,
            "w": 0.19848937385123855
        },
        "Absolute": {
            "bic": 2568366.5822239746,
            "adj_r2": 0.04141480046568724,
            "a0": 324.6832424319975,
            "a1": -5.673522768496442,
            "a2": 26.392810328298875,
            "a3": -0.22275590564995895,
            "sigma": 0.24685259436350426
        }
    }
}