{
    "dmPFC": {
        "Sigma and w": [
            2302248.117445835, 
            0.05130668121459703, 
            [
                241.21051673252006, 
                -13.043661355166963, 
                18.261408214357886, 
                0.3858512287132464, 
                1379.1679505140376, 
                452.3613658731882
            ]
        ], 
        "Divisive by Cat": [
            2298002.698847151, 
            0.06525260375566244, 
            [
                238.81832218552557, 
                -16.35838907268824, 
                17.50609551875303, 
                0.4351166128654498, 
                25.585901171211773, 
                0.0
            ]
        ], 
        "Absolute": [
            2302235.0567636066, 
            0.05130833264224188, 
            [
                241.06051746820873, 
                -13.049783603715623, 
                18.311969996969502, 
                0.4529882419256312, 
                5535.547149359478, 
                1804.4706896282023
            ]
        ]
    }, 
    "vmPFC": {
        "Sigma and w": [
            2139005.9873497016, 
            0.06571982653622788, 
            [
                205.3553218221743, 
                -10.339123912289999, 
                16.856037151058324, 
                0.47379035877712633, 
                2449.427432102708, 
                1020.2699401739884
            ]
        ], 
        "Divisive by Cat": [
            2133702.78576674, 
            0.08285434071778541, 
            [
                203.3140365621643, 
                -13.195966309002142, 
                16.203255642825898, 
                0.47578603488116045, 
                20.65881594060193, 
                0.0
            ]
        ], 
        "Absolute": [
            2138993.184776266, 
            0.06572060919161393, 
            [
                205.29463582841697, 
                -10.367641288307922, 
                16.866545131202997, 
                0.49013434936880645, 
                316.21538293633154, 
                130.83441930033524
            ]
        ]
    }, 
    "OFCmed": {
        "Sigma and w": [
            2060353.474700235, 
            0.071247709332387, 
            [
                187.74458697808893, 
                -9.109619241121823, 
                15.751925113709177, 
                0.3768414866963726, 
                3110.6844341678807, 
                1477.816006177464
            ]
        ], 
        "Divisive by Cat": [
            2053776.7625097102, 
            0.09233402687552128, 
            [
                185.63644553386587, 
                -11.965657865292698, 
                15.126029050883481, 
                0.36735241149250086, 
                18.9149443461836, 
                0.0
            ]
        ], 
        "Absolute": [
            2060340.7263249746, 
            0.0712483112470107, 
            [
                187.71122306896373, 
                -9.135180695154578, 
                15.75268053434052, 
                0.380363761948704, 
                75.71490696280259, 
                35.79509050975264
            ]
        ]
    }
}