{
    "dmPFC": {
        "Sigma and w": {
            "a1": -5.296097739415507, 
            "a0": 249.47303515876638, 
            "a3": 0.44893429620016523, 
            "a2": 18.93488835407325, 
            "w": 1.8734944596759444, 
            "adj_r2": 0.028461415566279236, 
            "sigma": 7730.977110486926, 
            "bic": 2309036.87465846
        }, 
        "Divisive by Cat": {
            "a1": -16.35838907268824, 
            "a0": 238.81832218552557, 
            "a3": 0.4351166128654498, 
            "a2": 17.50609551875303, 
            "a4": 25.585901171211773, 
            "adj_r2": 0.06525260375566244, 
            "sigma": 0.0, 
            "bic": 2298002.698847151
        }, 
        "Absolute": {
            "adj_r2": 0.05130833580545857, 
            "bic": 2302222.492675568, 
            "a1": -13.049783850026575, 
            "a0": 241.060517124244, 
            "a3": 0.4529880968545403, 
            "a2": 18.311969947979275, 
            "sigma": 0.3260460566033452
        }
    }, 
    "vmPFC": {
        "Sigma and w": {
            "a1": -4.264070838932695, 
            "a0": 211.916826899847, 
            "a3": 0.48694377292631635, 
            "a2": 17.356896472344637, 
            "w": 1.2936108467431406, 
            "adj_r2": 0.041039428643846354, 
            "sigma": 6432.792288579456, 
            "bic": 2146445.9094689204
        }, 
        "Divisive by Cat": {
            "a1": -13.195966309002142, 
            "a0": 203.3140365621643, 
            "a3": 0.47578603488116045, 
            "a2": 16.203255642825898, 
            "a4": 20.65881594060193, 
            "adj_r2": 0.08285434071778541, 
            "sigma": 0.0, 
            "bic": 2133702.78576674
        }, 
        "Absolute": {
            "adj_r2": 0.06572069703520833, 
            "bic": 2138980.5947671747, 
            "a1": -10.367641155666528, 
            "a0": 205.29463537977213, 
            "a3": 0.4901343508875122, 
            "a2": 16.866545139861014, 
            "sigma": 0.41418420389129085
        }
    }, 
    "OFCmed": {
        "Sigma and w": {
            "a1": -9.135180690760542, 
            "a0": 187.71122230309362, 
            "a3": 0.38036531675006424, 
            "a2": 15.752680529497145, 
            "w": 9.005307610721047e-11, 
            "adj_r2": 0.0712483112828225, 
            "sigma": 0.47274754893756166, 
            "bic": 2060340.7263139533
        }, 
        "Divisive by Cat": {
            "a1": -11.965657865292698, 
            "a0": 185.63644553386587, 
            "a3": 0.36735241149250086, 
            "a2": 15.126029050883481, 
            "a4": 18.9149443461836, 
            "adj_r2": 0.09233402687552128, 
            "sigma": 0.0, 
            "bic": 2053776.7625097102
        }, 
        "Absolute": {
            "adj_r2": 0.07124831131660048, 
            "bic": 2060328.1631685437, 
            "a1": -9.13518071863402, 
            "a0": 187.7112244843739, 
            "a3": 0.3803609460550373, 
            "a2": 15.752680533992805, 
            "sigma": 0.47274755873299057
        }
    }
}