{
    "vmPFC": {
        "Divisive by Cat": {
            "bic": 2133702.7867523273,
            "adj_r2": 0.08283508448521881,
            "a0": 203.31864284188248,
            "a1": -13.194821595492861,
            "a2": 16.202000530770157,
            "a3": 0.4738698372385646,
            "a4": 20.654249901973344,
            "sigma": 3.292606187699221e-10
        },
        "Divisive by Cat Plus Vt": {
            "bic": 2138993.1669869227,
            "adj_r2": 0.06570105459328068,
            "a0": 205.29464392970792,
            "a1": -10.367646259478537,
            "a2": 16.86654234032949,
            "a3": 0.4901343228330459,
            "a4": 8237398.061405969,
            "sigma": 3411773.450444139
        },
        "Divisive by Cat Denominator": {
            "bic": 2146459.416282417,
            "adj_r2": 0.041012776370595416,
            "a0": 211.91725542530583,
            "a1": -4.263676343460211,
            "a2": 17.35692793447481,
            "a3": 0.48694356144001233,
            "w1": 17.76937725506466,
            "w2": 226.90729371285792,
            "sigma": 3014563697.066401
        },
        "Constituent Values": {
            "bic": 2145114.1768556437,
            "adj_r2": 0.04551565862315354,
            "a0": 211.64642625452774,
            "a1": -4.662074741807555,
            "a2": 16.377177766223635,
            "a3": 0.48483651732845795,
            "w1": 248.8105426524561,
            "w2": 2078.5889226716695,
            "sigma": 993.0811110351782
        },
        "Absolute": {
            "bic": 2138980.5947671747,
            "adj_r2": 0.06570435313744505,
            "a0": 205.2946353447952,
            "a1": -10.367641188793174,
            "a2": 16.86654513241768,
            "a3": 0.4901343536644353,
            "sigma": 0.4141842016804733
        }
    },
    "OFCmed": {
        "Divisive by Cat": {
            "bic": 2053776.7751912642,
            "adj_r2": 0.09231493253431866,
            "a0": 185.6513421856329,
            "a1": -11.96306659699324,
            "a2": 15.121712702175403,
            "a3": 0.3609271733545752,
            "a4": 18.901447359547277,
            "sigma": 1.241584612898805e-11
        },
        "Divisive by Cat Plus Vt": {
            "bic": 2060340.7357886753,
            "adj_r2": 0.0712287837871235,
            "a0": 187.71123038455278,
            "a1": -9.135190345739364,
            "a2": 15.75267675303309,
            "a3": 0.38036373091330555,
            "a4": 5016130.585119119,
            "sigma": 2371350.994252238
        },
        "Divisive by Cat Denominator": {
            "bic": 2067885.9368748611,
            "adj_r2": 0.04642320778751219,
            "a0": 193.5134414453505,
            "a1": -3.787367232966965,
            "a2": 16.182315340049936,
            "a3": 0.3775682459760272,
            "w1": 44.27799415153942,
            "w2": 191.53767037135495,
            "sigma": 3217601688.456333
        },
        "Constituent Values": {
            "bic": 2066017.1055193546,
            "adj_r2": 0.05263771299209119,
            "a0": 193.23536027104404,
            "a1": -4.196440336460089,
            "a2": 15.176286778893102,
            "a3": 0.3754046954263172,
            "w1": 141.61452467526004,
            "w2": 2624.250045982233,
            "sigma": 2006.378411353227
        },
        "Absolute": {
            "bic": 2060328.1631685433,
            "adj_r2": 0.07123206411664895,
            "a0": 187.71122310460655,
            "a1": -9.135180691720294,
            "a2": 15.752680534554854,
            "a3": 0.3803637645515063,
            "sigma": 0.47274756794967177
        }
    },
    "dmPFC": {
        "Divisive by Cat": {
            "bic": 2298002.7024702616,
            "adj_r2": 0.06523296933425005,
            "a0": 238.8303452538052,
            "a1": -16.35598632079226,
            "a2": 17.50268193322276,
            "a3": 0.42998977860052745,
            "a4": 25.574657717913503,
            "sigma": 3.809429482970472e-08
        },
        "Divisive by Cat Plus Vt": {
            "bic": 2302235.0669007264,
            "adj_r2": 0.05128838369930655,
            "a0": 241.06053243999935,
            "a1": -13.049785009693252,
            "a2": 18.31196698591759,
            "a3": 0.4529880580237283,
            "a4": 11324351.423267156,
            "sigma": 3692255.367571613
        },
        "Divisive by Cat Denominator": {
            "bic": 2309050.0019900133,
            "adj_r2": 0.028435703633742926,
            "a0": 249.47338365204098,
            "a1": -5.295775689275004,
            "a2": 18.93491495020759,
            "a3": 0.4489353256712789,
            "w1": 16.352738399097447,
            "w2": 269.9060436869711,
            "sigma": 2124369223.9596825
        },
        "Constituent Values": {
            "bic": 2308495.3563402244,
            "adj_r2": 0.03031920369140151,
            "a0": 249.24212119572434,
            "a1": -5.635976312971066,
            "a2": 18.098263476060982,
            "a3": 0.44713547701651585,
            "w1": 170.15463800349767,
            "w2": 2489.553916257112,
            "sigma": 1747.160186994656
        },
        "Absolute": {
            "bic": 2302222.492675568,
            "adj_r2": 0.05129173978377688,
            "a0": 241.06051711818102,
            "a1": -13.049783894274418,
            "a2": 18.3119698750079,
            "a3": 0.4529880906971216,
            "sigma": 0.3260460549884381
        }
    }
}