{
    "Absolute": {
        "vmPFC": {
            "r2": 0.06572069703520855,
            "bic": 2138980.5947671747,
            "adj_r2": 0.06570435313744527,
            "a0": 205.2946352948474,
            "a1": -10.367641253463267,
            "a2": 16.866545160217026,
            "a3": 0.49013434977678383,
            "a4": 2.414384717307983,
            "sigma": 1,
            "w1": 0,
            "w_v": 0,
            "w_avg": 0
        },
        "OFCmed": {
            "r2": 0.07124831131660181,
            "bic": 2060328.1631685435,
            "adj_r2": 0.07123206411664873,
            "a0": 187.71122304756875,
            "a1": -9.135180714632943,
            "a2": 15.752680538555731,
            "a3": 0.3803637641418919,
            "a4": 2.1152938067034834,
            "sigma": 1,
            "w1": 0,
            "w_v": 0,
            "w_avg": 0
        },
        "dmPFC": {
            "r2": 0.05130833580545857,
            "bic": 2302222.492675568,
            "adj_r2": 0.05129173978377721,
            "a0": 241.06051713424458,
            "a1": -13.049784039126692,
            "a2": 18.31196997083376,
            "a3": 0.4529880945012337,
            "a4": 3.0670514091682115,
            "sigma": 1,
            "w1": 0,
            "w_v": 0,
            "w_avg": 0
        }
    }
}