{
    "dmPFC": {
        "Sigma and w": {
            "a1": -5.635987756243484, 
            "a0": 249.24213134249337, 
            "a3": 0.44713490481769547, 
            "a2": 18.098249952634212, 
            "w": 2439.8206280581794, 
            "adj_r2": 0.030342935221150502, 
            "sigma": 2439.929066551451, 
            "bic": 2308482.7980778934
        }, 
        "Divisive by Cat": {
            "a1": -16.35838907268824, 
            "a0": 238.81832218552557, 
            "a3": 0.4351166128654498, 
            "a2": 17.50609551875303, 
            "a4": 25.585901171211773, 
            "adj_r2": 0.06525260375566244, 
            "sigma": 0.0, 
            "bic": 2298002.698847151
        }, 
        "Absolute": {
            "adj_r2": 0.05130833580545857, 
            "bic": 2302222.492675568, 
            "a1": -13.049783850026575, 
            "a0": 241.060517124244, 
            "a3": 0.4529880968545403, 
            "a2": 18.311969947979275, 
            "sigma": 0.3260460566033452
        }
    }, 
    "vmPFC": {
        "Sigma and w": {
            "a1": -4.6620803694358885, 
            "a0": 211.64644336153208, 
            "a3": 0.4848365666106078, 
            "a2": 16.37716348192153, 
            "w": 2310.307284346883, 
            "adj_r2": 0.04553899636613579, 
            "sigma": 2310.399855467105, 
            "bic": 2145101.625144226
        }, 
        "Divisive by Cat": {
            "a1": -13.195966309002142, 
            "a0": 203.3140365621643, 
            "a3": 0.47578603488116045, 
            "a2": 16.203255642825898, 
            "a4": 20.65881594060193, 
            "adj_r2": 0.08285434071778541, 
            "sigma": 0.0, 
            "bic": 2133702.78576674
        }, 
        "Absolute": {
            "adj_r2": 0.06572069703520833, 
            "bic": 2138980.5947671747, 
            "a1": -10.367641155666528, 
            "a0": 205.29463537977213, 
            "a3": 0.4901343508875122, 
            "a2": 16.866545139861014, 
            "sigma": 0.41418420389129085
        }
    }, 
    "OFCmed": {
        "Sigma and w": {
            "a1": -4.1964420065732115, 
            "a0": 193.2353573200844, 
            "a3": 0.37540470880007365, 
            "a2": 15.176281062489853, 
            "w": 2389.2098429352336, 
            "adj_r2": 0.052660950433988885, 
            "sigma": 2389.1196279622886, 
            "bic": 2066004.5315301272
        }, 
        "Divisive by Cat": {
            "a1": -11.965657865292698, 
            "a0": 185.63644553386587, 
            "a3": 0.36735241149250086, 
            "a2": 15.126029050883481, 
            "a4": 18.9149443461836, 
            "adj_r2": 0.09233402687552128, 
            "sigma": 0.0, 
            "bic": 2053776.7625097102
        }, 
        "Absolute": {
            "adj_r2": 0.07124831131660048, 
            "bic": 2060328.1631685437, 
            "a1": -9.13518071863402, 
            "a0": 187.7112244843739, 
            "a3": 0.3803609460550373, 
            "a2": 15.752680533992805, 
            "sigma": 0.47274755873299057
        }
    }
}