{
    "vmPFC": {
        "Divisive by Cat": {
            "bic": 2135548.3806314203,
            "adj_r2": 0.016113700681476772,
            "a0": 215.00955232253042,
            "a1": 1.4745107587486865,
            "a2": 15.760521806570404,
            "a3": -0.908290833014494,
            "a4": 1194.8039901486466,
            "sigma": 130878854.56244673
        },
        "Sigma and w": {
            "bic": 2135548.3746207566,
            "adj_r2": 0.016113723487861997,
            "a0": 215.00954913741256,
            "a1": 1.4745112379563199,
            "a2": 15.760506849102581,
            "a3": -0.9082908716537148,
            "sigma": 14218.576517481219,
            "w": 7458.487617642058
        },
        "Absolute": {
            "bic": 2135522.9407180585,
            "adj_r2": 0.01616672176469991,
            "a0": 214.53229166028186,
            "a1": 1.421699362208406,
            "a2": 15.474522767256639,
            "a3": -0.9075436398231052,
            "sigma": 5.479972277813814
        }
    },
    "OFCmed": {
        "Divisive by Cat": {
            "bic": 2164100.2018340393,
            "adj_r2": 0.01576229852910882,
            "a0": 215.62162139999805,
            "a1": 1.6819265759727249,
            "a2": 16.458106092112153,
            "a3": -0.8528172322158818,
            "a4": 1198.4666081698279,
            "sigma": 129544810.05097395
        },
        "Sigma and w": {
            "bic": 2164100.1953112753,
            "adj_r2": 0.01576232328740368,
            "a0": 215.62161649074494,
            "a1": 1.681927059801321,
            "a2": 16.458084337358073,
            "a3": -0.8528172888414282,
            "sigma": 18322.672524370373,
            "w": 7041.467504357018
        },
        "Absolute": {
            "bic": 2164078.9487679875,
            "adj_r2": 0.01579944736248795,
            "a0": 215.20661187933857,
            "a1": 1.636003595163468,
            "a2": 16.20941113479207,
            "a3": -0.8521674959302017,
            "sigma": 6.301931589227472
        }
    },
    "dmPFC": {
        "Divisive by Cat": {
            "bic": 2263718.313168639,
            "adj_r2": 0.01626370912816999,
            "a0": 259.91265488754743,
            "a1": 2.1026153180680263,
            "a2": 19.941733445154625,
            "a3": -0.8919070864900784,
            "a4": 1151.8445841373077,
            "sigma": 6035.553191966296
        },
        "Sigma and w": {
            "bic": 2263726.8144197185,
            "adj_r2": 0.01623145704550566,
            "a0": 260.4111294287017,
            "a1": 2.1577859575585894,
            "a2": 20.24003611863658,
            "a3": -0.8926875839510284,
            "sigma": 3917.3609004511327,
            "w": 3685.0129130708483
        },
        "Absolute": {
            "bic": 2263705.9611069593,
            "adj_r2": 0.016267071616541395,
            "a0": 259.91940071254055,
            "a1": 2.1033717796903373,
            "a2": 19.945399503383673,
            "a3": -0.8919176331406978,
            "sigma": 5.318564555789768
        }
    }
}