{
    "Absolute": {
        "vmPFC": {
            "r2": 0.015818425098131694,
            "bic": 2164078.948767987,
            "adj_r2": 0.015799447362488617,
            "a0": 215.20661180575698,
            "a1": 1.6360035892440878,
            "a2": 16.209411123844035,
            "a3": -0.8521674992258907,
            "a4": 0.1586811077659892,
            "sigma": 1,
            "w1": 0,
            "w_v": 0,
            "w_avg": 0
        },
        "OFCmed": {
            "r2": 0.01618569241841583,
            "bic": 2135522.9407180585,
            "adj_r2": 0.0161667217646998,
            "a0": 214.53229166269426,
            "a1": 1.4216993630767694,
            "a2": 15.474522769117433,
            "a3": -0.9075436390688177,
            "a4": 0.1824826448530512,
            "sigma": 1,
            "w1": 0,
            "w_v": 0,
            "w_avg": 0
        },
        "dmPFC": {
            "r2": 0.012418647787791892,
            "bic": 2427797.174408571,
            "adj_r2": 0.012399604495063943,
            "a0": 300.3095390276667,
            "a1": 2.221686290823186,
            "a2": 24.279941101184573,
            "a3": -0.6767013570597674,
            "a4": -0.0023411778141867357,
            "sigma": 1,
            "w1": 0,
            "w_v": 0,
            "w_avg": 0
        }
    }
}