{
    "dmPFC": {
        "Sigma and w": [
            2426732.2724024192, 
            0.016560645215879743, 
            [
                295.8271550180583, 
                1.8895047381812273, 
                18.525629084699826, 
                -0.676977039666659, 
                3853.7187979195883, 
                7.554881707338978e-05
            ]
        ], 
        "Divisive by Cat": [
            2427097.0486593, 
            0.015128877058688706, 
            [
                293.8338870064222, 
                1.2989560726670533, 
                22.946727842681362, 
                -0.6317860758175016, 
                18.170976933977684, 
                0.0
            ]
        ], 
        "Absolute": [
            2427809.6402267483, 
            0.012418647567184804, 
            [
                300.3093641370382, 
                2.2216678475420295, 
                24.279836624768343, 
                -0.676701082812169, 
                -4.918117075621664, 
                1840.3398858118358
            ]
        ]
    }, 
    "vmPFC": {
        "Sigma and w": [
            2162635.690490652, 
            0.02137513378721645, 
            [
                212.48900178600917, 
                1.4499437162817315, 
                12.43347295658121, 
                -0.8530126053791901, 
                3369.8452394634196, 
                3.9024147674870946e-05
            ]
        ], 
        "Divisive by Cat": [
            2162682.13122685, 
            0.02115279364490663, 
            [
                210.1367086172894, 
                0.9002027593352295, 
                15.330909640017556, 
                -0.8147459143621276, 
                15.405508121200825, 
                0.0
            ]
        ], 
        "Absolute": [
            2164091.4154605395, 
            0.01581842155963087, 
            [
                215.20661377271642, 
                1.6360047085777703, 
                16.209412343282615, 
                -0.8521676355542418, 
                3095.5715832244327, 
                19621.084925595063
            ]
        ]
    }, 
    "OFCmed": {
        "Sigma and w": [
            2134427.8999509774, 
            0.02042575210390918, 
            [
                212.41201265374738, 
                1.2821485635408467, 
                12.423353675719111, 
                -0.9084537542285145, 
                3480.444419722196, 
                5.7968128168273125e-05
            ]
        ], 
        "Divisive by Cat": [
            2134036.8430633564, 
            0.02185490896538822, 
            [
                209.65058327795964, 
                0.710737728604169, 
                14.659207139405705, 
                -0.8710932147409096, 
                15.0517716000302, 
                0.0
            ]
        ], 
        "Absolute": [
            2135535.407695008, 
            0.016185687802219517, 
            [
                214.53229148425487, 
                1.4216993117383894, 
                15.474522612305284, 
                -0.9075443059922644, 
                374.74939096595597, 
                2042.5675053917669
            ]
        ]
    }
}