{
    "dmPFC": {
        "Sigma and w": {
            "a1": 2.221007136398816, 
            "a0": 300.30338430507834, 
            "a3": -0.6766931029930547, 
            "a2": 24.276227966175984, 
            "w": 4560.099015137373, 
            "adj_r2": 0.012418667494588642, 
            "sigma": 2050.5931471051445, 
            "bic": 2427809.634994495
        }, 
        "Divisive by Cat": {
            "a1": 1.2989560726670533, 
            "a0": 293.8338870064222, 
            "a3": -0.6317860758175016, 
            "a2": 22.946727842681362, 
            "a4": 18.170976933977684, 
            "adj_r2": 0.015128877058688706, 
            "sigma": 0.0, 
            "bic": 2427097.0486593
        }, 
        "Absolute": {
            "adj_r2": 0.012418636824662599, 
            "bic": 2427797.1772871125, 
            "a1": 2.221691564463217, 
            "a0": 300.30958802809835, 
            "a3": -0.6767012662175994, 
            "a2": 24.27996976989688, 
            "sigma": 3191.9066953593842
        }
    }, 
    "vmPFC": {
        "Sigma and w": {
            "a1": 1.6819272241947076, 
            "a0": 215.62160003703383, 
            "a3": -0.8528155211771686, 
            "a2": 16.458063788080054, 
            "w": 6963.329144901397, 
            "adj_r2": 0.01578508504903986, 
            "sigma": 38969.18439502956, 
            "bic": 2164100.198572995
        }, 
        "Divisive by Cat": {
            "a1": 0.9002027593352295, 
            "a0": 210.1367086172894, 
            "a3": -0.8147459143621276, 
            "a2": 15.330909640017556, 
            "a4": 15.405508121200825, 
            "adj_r2": 0.02115279364490663, 
            "sigma": 0.0, 
            "bic": 2162682.13122685
        }, 
        "Absolute": {
            "adj_r2": 0.015818425098130584, 
            "bic": 2164078.9487679875, 
            "a1": 1.6360034644060115, 
            "a0": 215.2066102694303, 
            "a3": -0.8521669996083086, 
            "a2": 16.209410319689287, 
            "sigma": 6.301912896359876
        }
    }, 
    "OFCmed": {
        "Sigma and w": {
            "a1": 1.474510252037794, 
            "a0": 215.00953546954582, 
            "a3": -0.9082906325694075, 
            "a2": 15.760482656757716, 
            "w": 7146.0209013914955, 
            "adj_r2": 0.0161364803483256, 
            "sigma": 29857.02304486089, 
            "bic": 2135548.377032395
        }, 
        "Divisive by Cat": {
            "a1": 0.710737728604169, 
            "a0": 209.65058327795964, 
            "a3": -0.8710932147409096, 
            "a2": 14.659207139405705, 
            "a4": 15.0517716000302, 
            "adj_r2": 0.02185490896538822, 
            "sigma": 0.0, 
            "bic": 2134036.8430633564
        }, 
        "Absolute": {
            "adj_r2": 0.016185692395186968, 
            "bic": 2135522.940724181, 
            "a1": 1.4216994029849335, 
            "a0": 214.5322921713992, 
            "a3": -0.9075438946866868, 
            "a2": 15.474522819494181, 
            "sigma": 5.477873872341645
        }
    }
}