{
    "vmPFC": {
        "Divisive by Cat": {
            "bic": 2164100.2018340393,
            "adj_r2": 0.01576229852910882,
            "a0": 215.62162139999805,
            "a1": 1.6819265759727249,
            "a2": 16.458106092112153,
            "a3": -0.8528172322158818,
            "a4": 1198.4666081698279,
            "sigma": 129544810.05097395
        },
        "Divisive by Cat Plus Vt": {
            "bic": 2164100.2025868245,
            "adj_r2": 0.01576229567177867,
            "a0": 215.621625614993,
            "a1": 1.6819270428150057,
            "a2": 16.458108620310266,
            "a3": -0.8528172369673404,
            "a4": 4291.008694259714,
            "sigma": 1748117173.7723355
        },
        "Divisive by Cat Denominator": {
            "bic": 2164112.6686189338,
            "adj_r2": 0.01575849884702829,
            "a0": 215.62162962483163,
            "a1": 1.6819274872893963,
            "a2": 16.458111025716708,
            "a3": -0.85281724380084,
            "w1": 267.9517554166255,
            "w2": 340.02541567143817,
            "sigma": 3490513319.21797
        },
        "Constituent Values": {
            "bic": 2164112.6618430214,
            "adj_r2": 0.015758524566295784,
            "a0": 215.62160347052347,
            "a1": 1.6819254175980556,
            "a2": 16.45810308507335,
            "a3": -0.8528171218657682,
            "w1": 11074.966419145032,
            "w2": 2160.127856319088,
            "sigma": 3764.701494963765
        },
        "Absolute": {
            "bic": 2164078.9487679875,
            "adj_r2": 0.01579944736248795,
            "a0": 215.20661187933857,
            "a1": 1.636003595163468,
            "a2": 16.20941113479207,
            "a3": -0.8521674959302017,
            "sigma": 6.301931589227472
        }
    },
    "OFCmed": {
        "Divisive by Cat": {
            "bic": 2135548.3806314203,
            "adj_r2": 0.016113700681476772,
            "a0": 215.00955232253042,
            "a1": 1.4745107587486865,
            "a2": 15.760521806570404,
            "a3": -0.908290833014494,
            "a4": 1194.8039901486466,
            "sigma": 130878854.56244673
        },
        "Divisive by Cat Plus Vt": {
            "bic": 2135548.3815779453,
            "adj_r2": 0.016113697090058166,
            "a0": 215.00955649278674,
            "a1": 1.474511222395615,
            "a2": 15.760524307962598,
            "a3": -0.9082908397984248,
            "a4": 4260.030920577514,
            "sigma": 1722837601.700067
        },
        "Divisive by Cat Denominator": {
            "bic": 2135560.847689788,
            "adj_r2": 0.01610990131835155,
            "a0": 215.00956050879302,
            "a1": 1.4745116644704992,
            "a2": 15.760526707478602,
            "a3": -0.9082908476965975,
            "w1": 192.28393714745903,
            "w2": 337.9101018421224,
            "sigma": 3480019645.148421
        },
        "Constituent Values": {
            "bic": 2135560.841811258,
            "adj_r2": 0.016109923623464417,
            "a0": 215.00966378329846,
            "a1": 1.4745161710410102,
            "a2": 15.760605917427593,
            "a3": -0.9082913865594631,
            "w1": 12825.537722936344,
            "w2": 2304.266219016794,
            "sigma": 2756.788344833426
        },
        "Absolute": {
            "bic": 2135522.9407180585,
            "adj_r2": 0.01616672176469991,
            "a0": 214.53229166028186,
            "a1": 1.421699362208406,
            "a2": 15.474522767256639,
            "a3": -0.9075436398231052,
            "sigma": 5.479972277813814
        }
    },
    "dmPFC": {
        "Divisive by Cat": {
            "bic": 2427809.6408598614,
            "adj_r2": 0.012395793116463993,
            "a0": 300.30342346961044,
            "a1": 2.2210095678290624,
            "a2": 24.27627632012569,
            "a3": -0.6766917815092592,
            "a4": -1079.5433079381799,
            "sigma": 740891724.9571061
        },
        "Divisive by Cat Plus Vt": {
            "bic": 2427809.640860846,
            "adj_r2": 0.01239579311271477,
            "a0": 300.30349814440495,
            "a1": 2.221017837679078,
            "a2": 24.27632109018197,
            "a3": -0.6766918979083091,
            "a4": -1335.4557132437005,
            "sigma": 5364031264.874039
        },
        "Divisive by Cat Denominator": {
            "bic": 2427822.1066209762,
            "adj_r2": 0.01239198433712363,
            "a0": 300.3034158692111,
            "a1": 2.221008732790704,
            "a2": 24.276271792326384,
            "a3": -0.6766917707211992,
            "w1": 881.422637876077,
            "w2": 466.7983171244496,
            "sigma": 7170550336.838241
        },
        "Constituent Values": {
            "bic": 2427822.1025896813,
            "adj_r2": 0.012391999691009792,
            "a0": 300.303386905913,
            "a1": 2.2210065384230164,
            "a2": 24.27626055831959,
            "a3": -0.6766916594499484,
            "w1": 6140.054976268393,
            "w2": 3256.118936370508,
            "sigma": 7875.170715859107
        },
        "Absolute": {
            "bic": 2427797.1752039455,
            "adj_r2": 0.012399601465764243,
            "a0": 300.30382782017665,
            "a1": 2.221054317300232,
            "a2": 24.276518653167393,
            "a3": -0.6766924163948427,
            "sigma": 7581.2668360252055
        }
    }
}