{
    "dmPFC": {
        "Sigma and w": {
            "a1": -6.827966892677191, 
            "a0": 283.332642666362, 
            "a3": 0.2582436889911969, 
            "a2": 10.064101699958364, 
            "w": 677.0562691920253, 
            "adj_r2": 0.00911761374580089, 
            "sigma": 677.0064791061449, 
            "bic": 1903963.1020395034
        }, 
        "Divisive by Cat": {
            "a1": -9.485680833031367, 
            "a0": 270.6376742388744, 
            "a3": 0.21598804213275713, 
            "a2": 11.01789138852682, 
            "a4": 19.949093843481513, 
            "adj_r2": 0.024566069798215406, 
            "sigma": 0.0, 
            "bic": 1900683.8533746686
        }, 
        "Absolute": {
            "adj_r2": 0.018211695369281578, 
            "bic": 1902026.6940230143, 
            "a1": -8.839990351954214, 
            "a0": 272.83189389125795, 
            "a3": 0.21747168875860867, 
            "a2": 12.383211835853036, 
            "sigma": 0.21115592777407044
        }
    }, 
    "vmPFC": {
        "Sigma and w": {
            "a1": -5.130817269610374, 
            "a0": 214.96420542460262, 
            "a3": 0.3199610750413244, 
            "a2": 7.502627170111677, 
            "w": 2555.191433367554, 
            "adj_r2": 0.009319475049400894, 
            "sigma": 2555.1131255014307, 
            "bic": 1744516.134320875
        }, 
        "Divisive by Cat": {
            "a1": -7.0955755586678855, 
            "a0": 205.9728778270866, 
            "a3": 0.29100957253301374, 
            "a2": 8.00205682613612, 
            "a4": 14.06617902817433, 
            "adj_r2": 0.026642990441081316, 
            "sigma": 0.0, 
            "bic": 1740834.5799251872
        }, 
        "Absolute": {
            "adj_r2": 0.01949886223256625, 
            "bic": 1742348.4624791201, 
            "a1": -6.610161287699292, 
            "a0": 207.6208092825976, 
            "a3": 0.29230594964057915, 
            "a2": 8.966184634210517, 
            "sigma": 0.3033838008589127
        }
    }, 
    "OFCmed": {
        "Sigma and w": {
            "a1": -4.905503666681685, 
            "a0": 213.35730279671162, 
            "a3": 0.3240375434918706, 
            "a2": 7.898566073906449, 
            "w": 2443.979772485225, 
            "adj_r2": 0.009348508269009903, 
            "sigma": 2444.06915162636, 
            "bic": 1727951.768713277
        }, 
        "Divisive by Cat": {
            "a1": -7.161511182351049, 
            "a0": 203.68606514845712, 
            "a3": 0.2945974067020458, 
            "a2": 8.130853358414265, 
            "a4": 15.021067085750762, 
            "adj_r2": 0.03218871418889946, 
            "sigma": 0.0, 
            "bic": 1723083.9084868974
        }, 
        "Absolute": {
            "adj_r2": 0.023108475844117238, 
            "bic": 1725020.5209388358, 
            "a1": -6.624244126219492, 
            "a0": 205.50907622371966, 
            "a3": 0.29615100186605076, 
            "a2": 9.1613306807786, 
            "sigma": 0.286296514041569
        }
    }
}