{
    "vmPFC": {
        "Divisive by Cat": {
            "bic": 1740834.5834322453,
            "adj_r2": 0.026614988506766135,
            "a0": 205.99021009934046,
            "a1": -7.099909015105611,
            "a2": 7.9966021441567445,
            "a3": 0.283380145462153,
            "a4": 14.058236445922747,
            "sigma": 1.6990236351155374e-07
        },
        "Divisive by Cat Plus Vt": {
            "bic": 1742360.7153276715,
            "adj_r2": 0.019470651335984357,
            "a0": 207.62081578147954,
            "a1": -6.61016808490632,
            "a2": 8.966180371033788,
            "a3": 0.2923058173392559,
            "a4": 6636679.765350717,
            "sigma": 2013457.2834106013
        },
        "Divisive by Cat Denominator": {
            "bic": 1745287.1356720605,
            "adj_r2": 0.005677679369403443,
            "a0": 215.3274745434881,
            "a1": -4.305741259543506,
            "a2": 9.075923108754584,
            "a3": 0.312262123956188,
            "w1": 5.250403559174997,
            "w2": 200.67875129119201,
            "sigma": 1503334140.8706026
        },
        "Constituent Values": {
            "bic": 1744528.381539207,
            "adj_r2": 0.009286250565305965,
            "a0": 214.9642219685543,
            "a1": -5.130831266382382,
            "a2": 7.502611277623335,
            "a3": 0.31995947574869055,
            "w1": 131.4453847811119,
            "w2": 2634.1783367984767,
            "sigma": 2293.3045931344823
        },
        "Absolute": {
            "bic": 1742348.4624791201,
            "adj_r2": 0.019475369860384006,
            "a0": 207.62080930794482,
            "a1": -6.610161282168431,
            "a2": 8.966184619150926,
            "a3": 0.29230594577249114,
            "sigma": 0.30338380133449405
        }
    },
    "OFCmed": {
        "Divisive by Cat": {
            "bic": 1723083.9089409504,
            "adj_r2": 0.03216088595506017,
            "a0": 203.6800087516295,
            "a1": -7.15956268669719,
            "a2": 8.133045330273918,
            "a3": 0.2975156054068841,
            "a4": 15.02322897674373,
            "sigma": 3.015444716147897e-08
        },
        "Divisive by Cat Plus Vt": {
            "bic": 1725032.7733318235,
            "adj_r2": 0.023080370935608108,
            "a0": 205.509085188471,
            "a1": -6.624248052997402,
            "a2": 9.161327977072956,
            "a3": 0.296145194211501,
            "a4": 11570282.03265835,
            "sigma": 3312535.341514229
        },
        "Divisive by Cat Denominator": {
            "bic": 1728595.313047626,
            "adj_r2": 0.006313893655282454,
            "a0": 213.67570515262003,
            "a1": -4.182288403410908,
            "a2": 9.277618694357223,
            "a3": 0.31729248176436187,
            "w1": 6.722010384586445,
            "w2": 200.79658021187797,
            "sigma": 1502357909.828442
        },
        "Constituent Values": {
            "bic": 1727964.015768297,
            "adj_r2": 0.009315285533866957,
            "a0": 213.35729879961795,
            "a1": -4.905506580094707,
            "a2": 7.898567175800324,
            "a3": 0.3240389027727579,
            "w1": 171.6366947952358,
            "w2": 2344.5474783486393,
            "sigma": 1899.4336923451774
        },
        "Absolute": {
            "bic": 1725020.5209388318,
            "adj_r2": 0.023085069956693904,
            "a0": 205.50907908096244,
            "a1": -6.624244252869449,
            "a2": 9.16133068541684,
            "a3": 0.296145258674571,
            "sigma": 0.2862966968774492
        }
    },
    "dmPFC": {
        "Divisive by Cat": {
            "bic": 1900683.8533746698,
            "adj_r2": 0.024538024506854494,
            "a0": 270.63767385969635,
            "a1": -9.485681936240052,
            "a2": 11.017891386514734,
            "a3": 0.21598786729366487,
            "a4": 19.949094215738732,
            "sigma": 3.296918293926865e-12
        },
        "Divisive by Cat Plus Vt": {
            "bic": 1902038.9471696988,
            "adj_r2": 0.018183446035831885,
            "a0": 272.8319125148528,
            "a1": -8.84000108985656,
            "a2": 12.383205096209164,
            "a3": 0.21745512680046647,
            "a4": 8620235.870305147,
            "sigma": 1820196.217749128
        },
        "Divisive by Cat Denominator": {
            "bic": 1904850.9228600932,
            "adj_r2": 0.004918212529573696,
            "a0": 283.90470633505834,
            "a1": -5.529041106054393,
            "a2": 12.540881054427928,
            "a3": 0.2461266213410056,
            "w1": 79.24487606026861,
            "w2": 274.591764595066,
            "sigma": 1101740397.7384357
        },
        "Constituent Values": {
            "bic": 1903975.3575068095,
            "adj_r2": 0.009084343323741195,
            "a0": 283.33281440956154,
            "a1": -6.827887513341093,
            "a2": 10.064202902090434,
            "a3": 0.25824581198660684,
            "w1": 204.43421105280848,
            "w2": 2171.6856976918993,
            "sigma": 1641.3602537788222
        },
        "Absolute": {
            "bic": 1902026.6940230126,
            "adj_r2": 0.018188172157160065,
            "a0": 272.83190206080207,
            "a1": -8.839990328665756,
            "a2": 12.38321184535544,
            "a3": 0.217455326240285,
            "sigma": 0.21115593658608955
        }
    }
}