{
    "dmPFC": {
        "Sigma and w": [
            1902051.4724593342, 
            0.018210372383897888, 
            [
                273.06809282849713, 
                -8.91448902082399, 
                12.292042870160067, 
                0.10644795909496682, 
                1392.178545046548, 
                295.53270883333795
            ]
        ], 
        "Divisive by Cat": [
            1900683.8533746686, 
            0.024566069798215406, 
            [
                270.6376742388744, 
                -9.485680833031367, 
                11.01789138852682, 
                0.21598804213275713, 
                19.949093843481513, 
                0.0
            ]
        ], 
        "Absolute": [
            1902038.9434317097, 
            0.018211691611663916, 
            [
                272.83190179972974, 
                -8.839990371509394, 
                12.383211846673829, 
                0.2174553165109754, 
                1797.6029077002001, 
                379.7066011407857
            ]
        ]
    }, 
    "vmPFC": {
        "Sigma and w": [
            1742372.9596999958, 
            0.019498862228151892, 
            [
                207.62081061681164, 
                -6.610161301930198, 
                8.96618456771425, 
                0.29230320482027217, 
                1798.504638847458, 
                545.6371199702706
            ]
        ], 
        "Divisive by Cat": [
            1740834.5799251872, 
            0.026642990441081316, 
            [
                205.9728778270866, 
                -7.0955755586678855, 
                8.00205682613612, 
                0.29100957253301374, 
                14.06617902817433, 
                0.0
            ]
        ], 
        "Absolute": [
            1742360.7114667182, 
            0.019498860458333045, 
            [
                207.62080911208818, 
                -6.610161264029872, 
                8.966184654635335, 
                0.29230595013700145, 
                1984.5284610663616, 
                601.9326880033102
            ]
        ]
    }, 
    "OFCmed": {
        "Sigma and w": [
            1725045.1753669425, 
            0.02310773994564741, 
            [
                205.62029895336718, 
                -6.649183604735137, 
                9.123672494653238, 
                0.25033408422662873, 
                2689.2143058458687, 
                773.4992526210268
            ]
        ], 
        "Divisive by Cat": [
            1723083.9084868974, 
            0.03218871418889946, 
            [
                203.68606514845712, 
                -7.161511182351049, 
                8.130853358414265, 
                0.2945974067020458, 
                15.021067085750762, 
                0.0
            ]
        ], 
        "Absolute": [
            1725032.7699417265, 
            0.023108474004829627, 
            [
                205.50907569169192, 
                -6.624244214010398, 
                9.161330681435302, 
                0.2961524710918122, 
                7948.99513319642, 
                2275.278574102978
            ]
        ]
    }
}