{
    "dmPFC": {
        "Sigma and w": {
            "a1": -5.529472604555158, 
            "a0": 283.9032605877911, 
            "a3": 0.24612233760847174, 
            "a2": 12.540860651728215, 
            "w": 0.016990418374761784, 
            "adj_r2": 0.004955049581626181, 
            "sigma": 1618.3761960545185, 
            "bic": 1904837.9487009076
        }, 
        "Divisive by Cat": {
            "a1": -9.485680833031367, 
            "a0": 270.6376742388744, 
            "a3": 0.21598804213275713, 
            "a2": 11.01789138852682, 
            "a4": 19.949093843481513, 
            "adj_r2": 0.024566069798215406, 
            "sigma": 0.0, 
            "bic": 1900683.8533746686
        }, 
        "Absolute": {
            "adj_r2": 0.018211695369281578, 
            "bic": 1902026.6940230143, 
            "a1": -8.839990351954214, 
            "a0": 272.83189389125795, 
            "a3": 0.21747168875860867, 
            "a2": 12.383211835853036, 
            "sigma": 0.21115592777407044
        }
    }, 
    "vmPFC": {
        "Sigma and w": {
            "a1": -4.306220319151597, 
            "a0": 215.32587417902172, 
            "a3": 0.31225564475375683, 
            "a2": 9.075899396982576, 
            "w": 0.024259341361563935, 
            "adj_r2": 0.005716881838908283, 
            "sigma": 1429.5038037349689, 
            "bic": 1745273.6591327908
        }, 
        "Divisive by Cat": {
            "a1": -7.0955755586678855, 
            "a0": 205.9728778270866, 
            "a3": 0.29100957253301374, 
            "a2": 8.00205682613612, 
            "a4": 14.06617902817433, 
            "adj_r2": 0.026642990441081316, 
            "sigma": 0.0, 
            "bic": 1740834.5799251872
        }, 
        "Absolute": {
            "adj_r2": 0.01949886223256625, 
            "bic": 1742348.4624791201, 
            "a1": -6.610161287699292, 
            "a0": 207.6208092825976, 
            "a3": 0.29230594964057915, 
            "a2": 8.966184634210517, 
            "sigma": 0.3033838008589127
        }
    }, 
    "OFCmed": {
        "Sigma and w": {
            "a1": -4.182610376738107, 
            "a0": 213.67462732683305, 
            "a3": 0.3172927606441357, 
            "a2": 9.277603011469072, 
            "w": 1.4498647490977628, 
            "adj_r2": 0.006351723336516235, 
            "sigma": 2111.8513014394784, 
            "bic": 1728582.1195602524
        }, 
        "Divisive by Cat": {
            "a1": -7.161511182351049, 
            "a0": 203.68606514845712, 
            "a3": 0.2945974067020458, 
            "a2": 8.130853358414265, 
            "a4": 15.021067085750762, 
            "adj_r2": 0.03218871418889946, 
            "sigma": 0.0, 
            "bic": 1723083.9084868974
        }, 
        "Absolute": {
            "adj_r2": 0.023108475844117238, 
            "bic": 1725020.5209388358, 
            "a1": -6.624244126219492, 
            "a0": 205.50907622371966, 
            "a3": 0.29615100186605076, 
            "a2": 9.1613306807786, 
            "sigma": 0.286296514041569
        }
    }
}