{
    "Absolute": {
        "vmPFC": {
            "r2": 0.01949886223256625,
            "bic": 1742348.4624791201,
            "adj_r2": 0.019475369860384117,
            "a0": 207.62080924021146,
            "a1": -6.610161324122149,
            "a2": 8.966184633731839,
            "a3": 0.29230594894088446,
            "a4": 3.2961549165156585,
            "sigma": 1,
            "w1": 0,
            "w_v": 0,
            "w_avg": 0
        },
        "OFCmed": {
            "r2": 0.023108475844135556,
            "bic": 1725020.5209388318,
            "adj_r2": 0.023085069956693793,
            "a0": 205.50907907772762,
            "a1": -6.624244252788777,
            "a2": 9.161330685220667,
            "a3": 0.2961452652485098,
            "a4": 3.4928799770127603,
            "sigma": 1,
            "w1": 0,
            "w_v": 0,
            "w_avg": 0
        },
        "dmPFC": {
            "r2": 0.018211695369289127,
            "bic": 1902026.6940230126,
            "adj_r2": 0.018188172157160065,
            "a0": 272.83190206013535,
            "a1": -8.839990328707035,
            "a2": 12.383211845409559,
            "a3": 0.2174553271104642,
            "a4": 4.735836539351746,
            "sigma": 1,
            "w1": 0,
            "w_v": 0,
            "w_avg": 0
        }
    }
}