{
    "vmPFC": {
        "Divisive by Cat": {
            "bic": 2400586.3178724726,
            "adj_r2": 0.02897395937729108,
            "a0": 270.37878860389463,
            "a1": 5.674672136764354,
            "a2": 21.79622571725332,
            "a3": -0.5678304263983512,
            "a4": 905.156057385439,
            "sigma": 247440749.19755685
        },
        "Divisive by Cat Plus Vt": {
            "bic": 2398542.1889835815,
            "adj_r2": 0.035849192720734946,
            "a0": 264.0594887163648,
            "a1": 5.011679870656308,
            "a2": 20.98100259959665,
            "a3": -0.6204941661602356,
            "a4": 49.06931554374354,
            "sigma": 5.963738503034222e-08
        },
        "Divisive by Cat Denominator": {
            "bic": 2400598.888931967,
            "adj_r2": 0.028970579002071895,
            "a0": 270.3787981307263,
            "a1": 5.674673817035213,
            "a2": 21.7962270311196,
            "a3": -0.5678304242500829,
            "w1": 357.7109091818943,
            "w2": 348.3458479455894,
            "sigma": 3296120003.2695937
        },
        "Constituent Values": {
            "bic": 2400598.8091798127,
            "adj_r2": 0.02897084819589124,
            "a0": 270.3787792805655,
            "a1": 5.674686989653829,
            "a2": 21.796192843561506,
            "a3": -0.5678308309819828,
            "w1": 57.91948555547072,
            "w2": 3234.731275794253,
            "sigma": 800.0473083408345
        },
        "Absolute": {
            "bic": 2400501.295091529,
            "adj_r2": 0.02922185935149413,
            "a0": 269.1694978584375,
            "a1": 5.466380216712413,
            "a2": 21.63424498026464,
            "a3": -0.5644041593737433,
            "sigma": 2.7462856596282754
        }
    },
    "OFCmed": {
        "Divisive by Cat": {
            "bic": 2210727.553662568,
            "adj_r2": 0.04634487989025671,
            "a0": 239.57118153805675,
            "a1": 3.717286758264165,
            "a2": 18.4201543103498,
            "a3": -0.6647121623098622,
            "a4": 8.905834910089387,
            "sigma": 1.156578632866001e-07
        },
        "Divisive by Cat Plus Vt": {
            "bic": 2212393.6572147813,
            "adj_r2": 0.040805745731802734,
            "a0": 243.69139487258707,
            "a1": 4.579680066654885,
            "a2": 18.840520206146284,
            "a3": -0.6247744895164727,
            "a4": 3168.05362542961,
            "sigma": 525103483.01611185
        },
        "Divisive by Cat Denominator": {
            "bic": 2212406.2308138465,
            "adj_r2": 0.040802398078309654,
            "a0": 243.69140872320156,
            "a1": 4.579682524976413,
            "a2": 18.8405221464662,
            "a3": -0.6247744672539426,
            "w1": 302.945163442378,
            "w2": 307.14980174644404,
            "sigma": 3500194092.7391276
        },
        "Constituent Values": {
            "bic": 2212406.0848148675,
            "adj_r2": 0.04080288487556738,
            "a0": 243.69139564349265,
            "a1": 4.579695774938797,
            "a2": 18.840491857455874,
            "a3": -0.6247748855150194,
            "w1": 14.169244025983291,
            "w2": 3472.7392849134876,
            "sigma": 816.2378607647228
        },
        "Absolute": {
            "bic": 2212276.7629062263,
            "adj_r2": 0.0411568594049172,
            "a0": 242.6451572522376,
            "a1": 4.399472913060283,
            "a2": 18.70037992890343,
            "a3": -0.6218101997188498,
            "sigma": 3.1742193054386627
        }
    },
    "dmPFC": {
        "Divisive by Cat": {
            "bic": 2533674.6102785943,
            "adj_r2": 0.025984455158299613,
            "a0": 345.34699357197275,
            "a1": 4.569509504924028,
            "a2": 26.481776793223474,
            "a3": -0.2221679574756621,
            "a4": 177.35549336625618,
            "sigma": 99573259.57347666
        },
        "Divisive by Cat Plus Vt": {
            "bic": 2533674.6102922796,
            "adj_r2": 0.025984455111964344,
            "a0": 345.3470142226128,
            "a1": 4.569512100397124,
            "a2": 26.48177876401427,
            "a3": -0.22216877419613332,
            "a4": 5886.9519478545835,
            "sigma": 3400000491.651207
        },
        "Divisive by Cat Denominator": {
            "bic": 2533687.1803735583,
            "adj_r2": 0.02598106764157737,
            "a0": 345.34701510096477,
            "a1": 4.569512251914656,
            "a2": 26.481778893281692,
            "a3": -0.22216877791775858,
            "w1": 574.9760240041169,
            "w2": 375.259440486966,
            "sigma": 8076045914.0544815
        },
        "Constituent Values": {
            "bic": 2533687.148695568,
            "adj_r2": 0.02598117489603058,
            "a0": 345.34700697215885,
            "a1": 4.569518624824572,
            "a2": 26.48176286189109,
            "a3": -0.22216896788076673,
            "w1": 207.3111143609047,
            "w2": 6775.527075963124,
            "sigma": 1190.8942142175986
        },
        "Absolute": {
            "bic": 2533606.8174279006,
            "adj_r2": 0.026174795075217805,
            "a0": 344.0164707406903,
            "a1": 4.340335238391207,
            "a2": 26.303556599564573,
            "a3": -0.21839896317037563,
            "sigma": 2.496039205378235
        }
    }
}