{
    "dmPFC": {
        "Sigma and w": [
            2529516.142507075, 
            0.04002472590013029, 
            [
                338.7505951626556, 
                5.4004933422867305, 
                23.008018251784357, 
                -0.17836080859408546, 
                512.3195500268769, 
                2.225062228002028
            ]
        ], 
        "Divisive by Cat": [
            2532286.704573557, 
            0.030692470977802033, 
            [
                338.72200904237815, 
                3.2086217356427156, 
                25.826092073729953, 
                -0.2656040283778225, 
                14.246338689048727, 
                0.0
            ]
        ], 
        "Absolute": [
            2533619.3878755644, 
            0.02619171777200968, 
            [
                344.0164717329041, 
                4.34033532046568, 
                26.303556643769852, 
                -0.21839782118334608, 
                1141.9708407774642, 
                2843.782546179681
            ]
        ]
    }, 
    "vmPFC": {
        "Sigma and w": [
            2397206.735945767, 
            0.040376496194687195, 
            [
                265.5055603354293, 
                6.252359136916976, 
                19.2500036084171, 
                -0.5400191060278062, 
                3313.155425459501, 
                24.071955669331444
            ]
        ], 
        "Divisive by Cat": [
            2399291.0190100996, 
            0.03335640368423065, 
            [
                265.29991520648514, 
                4.631384197613933, 
                21.29356310064683, 
                -0.6011275688315791, 
                10.921577605489674, 
                0.0
            ]
        ], 
        "Absolute": [
            2400513.865643976, 
            0.029238728744187426, 
            [
                269.1694982961172, 
                5.466380185312177, 
                21.634244967581246, 
                -0.5644041596762002, 
                1955.2909474677995, 
                5358.236782164296
            ]
        ]
    }, 
    "OFCmed": {
        "Sigma and w": [
            2206284.6521310364, 
            0.06102050149080329, 
            [
                238.78406063464612, 
                5.108561376531688, 
                16.31572141851056, 
                -0.6015694665608127, 
                1756.801323029197, 
                16.99686116403285
            ]
        ], 
        "Divisive by Cat": [
            2210727.5267208014, 
            0.046364859184010454, 
            [
                239.53952214528005, 
                3.7268133241044126, 
                18.429605039227372, 
                -0.6519924131275658, 
                8.928188418484865, 
                0.0
            ]
        ], 
        "Absolute": [
            2212289.3348282245, 
            0.04117351683622661, 
            [
                242.6451568697436, 
                4.399472721539529, 
                18.700379901123007, 
                -0.6218093498112576, 
                1710.4199401146961, 
                5444.590003222344
            ]
        ]
    }
}