{
    "dmPFC": {
        "Sigma and w": {
            "a1": 4.569582881733418, 
            "a0": 345.34692649584616, 
            "a3": -0.2221716394149077, 
            "a2": 26.48163766774941, 
            "w": 565.6458162240863, 
            "adj_r2": 0.02600609780703833, 
            "sigma": 94.17053312429015, 
            "bic": 2533674.218034511
        }, 
        "Divisive by Cat": {
            "a1": 3.2086217356427156, 
            "a0": 338.72200904237815, 
            "a3": -0.2656040283778225, 
            "a2": 25.826092073729953, 
            "a4": 14.246338689048727, 
            "adj_r2": 0.030692470977802033, 
            "sigma": 0.0, 
            "bic": 2532286.704573557
        }, 
        "Absolute": {
            "adj_r2": 0.026191720621690506, 
            "bic": 2533606.8174296883, 
            "a1": 4.340334692205201, 
            "a0": 344.0164707124542, 
            "a3": -0.21839896175400605, 
            "a2": 26.303556485887913, 
            "sigma": 2.4957712578410693
        }
    }, 
    "vmPFC": {
        "Sigma and w": {
            "a1": 5.674691312245033, 
            "a0": 270.3787739864137, 
            "a3": -0.5678308931594988, 
            "a2": 21.79618427125693, 
            "w": 2700.666835981068, 
            "adj_r2": 0.028994520506244847, 
            "sigma": 1547.0561323801771, 
            "bic": 2400586.2263703444
        }, 
        "Divisive by Cat": {
            "a1": 4.631384197613933, 
            "a0": 265.29991520648514, 
            "a3": -0.6011275688315791, 
            "a2": 21.29356310064683, 
            "a4": 10.921577605489674, 
            "adj_r2": 0.03335640368423065, 
            "sigma": 0.0, 
            "bic": 2399291.0190100996
        }, 
        "Absolute": {
            "adj_r2": 0.029238731944569496, 
            "bic": 2400501.295091529, 
            "a1": 5.46638025466932, 
            "a0": 269.16949807758306, 
            "a3": -0.5644041600972549, 
            "a2": 21.634245009543513, 
            "sigma": 2.746286151916531
        }
    }, 
    "OFCmed": {
        "Sigma and w": {
            "a1": 4.579701228789565, 
            "a0": 243.69138885374073, 
            "a3": -0.6247741839293768, 
            "a2": 18.840479676179427, 
            "w": 2534.570904262485, 
            "adj_r2": 0.040826416346160244, 
            "sigma": 273.5668320952666, 
            "bic": 2212393.4577339534
        }, 
        "Divisive by Cat": {
            "a1": 3.7268133241044126, 
            "a0": 239.53952214528005, 
            "a3": -0.6519924131275658, 
            "a2": 18.429605039227372, 
            "a4": 8.928188418484865, 
            "adj_r2": 0.046364859184010454, 
            "sigma": 0.0, 
            "bic": 2210727.5267208014
        }, 
        "Absolute": {
            "adj_r2": 0.04117352456192713, 
            "bic": 2212276.762906226, 
            "a1": 4.399473219738, 
            "a0": 242.64515768437244, 
            "a3": -0.6218102014803799, 
            "a2": 18.70037999989413, 
            "sigma": 3.1742206969705222
        }
    }
}