{
    "dmPFC": {
        "Sigma and w": {
            "a1": 4.56950532382356, 
            "a0": 345.34694302924316, 
            "a3": -0.2221686225777175, 
            "a2": 26.4817608590295, 
            "w": 2879.489841889, 
            "adj_r2": 0.026004794251649366, 
            "sigma": 60523.78733203511, 
            "bic": 2533674.6030539274
        }, 
        "Divisive by Cat": {
            "a1": 3.2086217356427156, 
            "a0": 338.72200904237815, 
            "a3": -0.2656040283778225, 
            "a2": 25.826092073729953, 
            "a4": 14.246338689048727, 
            "adj_r2": 0.030692470977802033, 
            "sigma": 0.0, 
            "bic": 2532286.704573557
        }, 
        "Absolute": {
            "adj_r2": 0.026191720621690506, 
            "bic": 2533606.8174296883, 
            "a1": 4.340334692205201, 
            "a0": 344.0164707124542, 
            "a3": -0.21839896175400605, 
            "a2": 26.303556485887913, 
            "sigma": 2.4957712578410693
        }
    }, 
    "vmPFC": {
        "Sigma and w": {
            "a1": 5.674667091814882, 
            "a0": 270.3787141983506, 
            "a3": -0.5678302764355806, 
            "a2": 21.79620396036647, 
            "w": 2048.053423444541, 
            "adj_r2": 0.028994269448218812, 
            "sigma": 30499.990555437736, 
            "bic": 2400586.30075135
        }, 
        "Divisive by Cat": {
            "a1": 4.631384197613933, 
            "a0": 265.29991520648514, 
            "a3": -0.6011275688315791, 
            "a2": 21.29356310064683, 
            "a4": 10.921577605489674, 
            "adj_r2": 0.03335640368423065, 
            "sigma": 0.0, 
            "bic": 2399291.0190100996
        }, 
        "Absolute": {
            "adj_r2": 0.029238731944569496, 
            "bic": 2400501.295091529, 
            "a1": 5.46638025466932, 
            "a0": 269.16949807758306, 
            "a3": -0.5644041600972549, 
            "a2": 21.634245009543513, 
            "sigma": 2.746286151916531
        }
    }, 
    "OFCmed": {
        "Sigma and w": {
            "a1": 4.579689483102809, 
            "a0": 243.69136651670988, 
            "a3": -0.6247745466288745, 
            "a2": 18.840495509014268, 
            "w": 2006.285229106539, 
            "adj_r2": 0.040826065812957446, 
            "sigma": 2650.7250038124853, 
            "bic": 2212393.5628675544
        }, 
        "Divisive by Cat": {
            "a1": 3.7268133241044126, 
            "a0": 239.53952214528005, 
            "a3": -0.6519924131275658, 
            "a2": 18.429605039227372, 
            "a4": 8.928188418484865, 
            "adj_r2": 0.046364859184010454, 
            "sigma": 0.0, 
            "bic": 2210727.5267208014
        }, 
        "Absolute": {
            "adj_r2": 0.04117352456192713, 
            "bic": 2212276.762906226, 
            "a1": 4.399473219738, 
            "a0": 242.64515768437244, 
            "a3": -0.6218102014803799, 
            "a2": 18.70037999989413, 
            "sigma": 3.1742206969705222
        }
    }
}