{
    "Absolute": {
        "vmPFC": {
            "r2": 0.029238731944569274,
            "bic": 2400501.295091529,
            "adj_r2": 0.02922185935149413,
            "a0": 269.16949785784567,
            "a1": 5.466380216645665,
            "a2": 21.634244980188413,
            "a3": -0.5644041593707819,
            "a4": 0.36412816895321115,
            "sigma": 1,
            "w1": 0,
            "w_v": 0,
            "w_avg": 0
        },
        "OFCmed": {
            "r2": 0.04117352456200796,
            "bic": 2212276.7629062016,
            "adj_r2": 0.04115685940499969,
            "a0": 242.6451572520132,
            "a1": 4.399472913361634,
            "a2": 18.700379928891078,
            "a3": -0.6218101999316027,
            "a4": 0.31503519646977873,
            "sigma": 1,
            "w1": 0,
            "w_v": 0,
            "w_avg": 0
        },
        "dmPFC": {
            "r2": 0.02619172062774211,
            "bic": 2533606.8174279006,
            "adj_r2": 0.026174795075217805,
            "a0": 344.0164714226641,
            "a1": 4.340335239400915,
            "a2": 26.303556713057908,
            "a3": -0.2183989720076882,
            "a4": 0.4006347414263972,
            "sigma": 1,
            "w1": 0,
            "w_v": 0,
            "w_avg": 0
        }
    }
}