{
    "vmPFC": {
        "Divisive by Cat": {
            "bic": 2327195.6020032247,
            "adj_r2": 0.027302049483115876,
            "a0": 221.4297276892452,
            "a1": 1.9275553841221644,
            "a2": 15.114013770796722,
            "a3": 0.075013705334205,
            "a4": -790157.5167622399,
            "sigma": 691092.0615624312
        },
        "Divisive by Cat Plus Vt": {
            "bic": 2329628.9561565947,
            "adj_r2": 0.019021652865994554,
            "a0": 213.5401702734512,
            "a1": 2.301449572028719,
            "a2": 16.061499697619,
            "a3": 0.08302982994516443,
            "a4": -1317.4084212904315,
            "sigma": 1378858029.6332786
        },
        "Divisive by Cat Denominator": {
            "bic": 2329641.527657264,
            "adj_r2": 0.019018221611648345,
            "a0": 213.54016364446537,
            "a1": 2.3014499194240545,
            "a2": 16.061500480104147,
            "a3": 0.08302984804271936,
            "w1": 50.842160673484926,
            "w2": 109.10760875176915,
            "sigma": 4387090230.840708
        },
        "Constituent Values": {
            "bic": 2327014.05498016,
            "adj_r2": 0.027956192182684636,
            "a0": 211.88765544630263,
            "a1": 3.022058493421546,
            "a2": 12.852750828184096,
            "a3": 0.08639319542854243,
            "w1": 734.4623669902787,
            "w2": 3283.090265241023,
            "sigma": 932.7440005379913
        },
        "Absolute": {
            "bic": 2329616.3985671657,
            "adj_r2": 0.01902503655748289,
            "a0": 213.54015523406332,
            "a1": 2.301450317692525,
            "a2": 16.061501490512164,
            "a3": 0.08302984779792796,
            "sigma": 729420.02987079
        }
    },
    "OFCmed": {
        "Divisive by Cat": {
            "bic": 2300057.948545954,
            "adj_r2": 0.026442448350750936,
            "a0": 208.15753384835875,
            "a1": 2.256857334939567,
            "a2": 14.231211244383736,
            "a3": 0.04895205468482192,
            "a4": -396856.12198845524,
            "sigma": 376095.83988004294
        },
        "Divisive by Cat Plus Vt": {
            "bic": 2300057.9458875307,
            "adj_r2": 0.026442457366703587,
            "a0": 208.1575422541534,
            "a1": 2.25685741464278,
            "a2": 14.231211804709076,
            "a3": 0.048951948346732506,
            "a4": -3063111.8877220694,
            "sigma": 2902876.4028578554
        },
        "Divisive by Cat Denominator": {
            "bic": 2302349.2205744553,
            "adj_r2": 0.01868012667482344,
            "a0": 200.87626956298877,
            "a1": 2.6019245977486065,
            "a2": 15.105644179248022,
            "a3": 0.05635010239670639,
            "w1": 40.293269240583015,
            "w2": 93.39943292502602,
            "sigma": 4352558432.283234
        },
        "Constituent Values": {
            "bic": 2299601.300118992,
            "adj_r2": 0.028029092062553884,
            "a0": 199.26494583775863,
            "a1": 3.3045768178547275,
            "a2": 11.976844283807731,
            "a3": 0.059629666353566445,
            "w1": 172.01035566426313,
            "w2": 3748.4597904929733,
            "sigma": 3197.9581318639152
        },
        "Absolute": {
            "bic": 2302324.091936886,
            "adj_r2": 0.018686942422467046,
            "a0": 200.8762606276768,
            "a1": 2.6019250211677893,
            "a2": 15.105645252653098,
            "a3": 0.05635010239886574,
            "sigma": 686835.197197456
        }
    },
    "dmPFC": {
        "Divisive by Cat": {
            "bic": 2372062.7746702745,
            "adj_r2": 0.027524796525859818,
            "a0": 240.58686600856262,
            "a1": 1.8736027596810227,
            "a2": 17.0319984083,
            "a3": 0.03681460119655121,
            "a4": -699360.168561524,
            "sigma": 605594.926434144
        },
        "Divisive by Cat Plus Vt": {
            "bic": 2374187.1730579794,
            "adj_r2": 0.020301286200829827,
            "a0": 232.6181186477406,
            "a1": 2.2512499590893773,
            "a2": 17.98899434216556,
            "a3": 0.04491120860828426,
            "a4": -1248.5518262777005,
            "sigma": 1235883081.7175195
        },
        "Divisive by Cat Denominator": {
            "bic": 2374199.744211996,
            "adj_r2": 0.020297860605452578,
            "a0": 232.61811179303635,
            "a1": 2.251250321819334,
            "a2": 17.98899520431113,
            "a3": 0.04491119330752386,
            "w1": 58.95226739875043,
            "w2": 136.45303495226457,
            "sigma": 4533279392.727766
        },
        "Constituent Values": {
            "bic": 2372340.4588870523,
            "adj_r2": 0.026622855912043275,
            "a0": 231.11851951798192,
            "a1": 2.904366552808298,
            "a2": 15.06878700317653,
            "a3": 0.04570846449410294,
            "w1": 878.3197435516403,
            "w2": 3450.620091165036,
            "sigma": 639.9234994560711
        },
        "Absolute": {
            "bic": 2374174.618541203,
            "adj_r2": 0.020304654991984195,
            "a0": 232.61809634413643,
            "a1": 2.2512510546760818,
            "a2": 17.988997061027337,
            "a3": 0.04491118433240866,
            "sigma": 397140.1378561143
        }
    }
}