{
    "vmPFC": {
        "Divisive by Cat": {
            "bic": 2300057.948545954,
            "adj_r2": 0.026442448350750936,
            "a0": 208.15753384835875,
            "a1": 2.256857334939567,
            "a2": 14.231211244383736,
            "a3": 0.04895205468482192,
            "a4": -396856.12198845524,
            "sigma": 376095.83988004294
        },
        "Sigma and w": {
            "bic": 2299588.7467981977,
            "adj_r2": 0.028032430243170814,
            "a0": 199.26492732632983,
            "a1": 3.304575000064556,
            "a2": 11.976837601078229,
            "a3": 0.0596297015029565,
            "sigma": 2896.713577646459,
            "w": 2896.6451442372013
        },
        "Absolute": {
            "bic": 2302324.091936886,
            "adj_r2": 0.018686942422467046,
            "a0": 200.8762606276768,
            "a1": 2.6019250211677893,
            "a2": 15.105645252653098,
            "a3": 0.05635010239886574,
            "sigma": 686835.197197456
        }
    },
    "OFCmed": {
        "Divisive by Cat": {
            "bic": 2327195.6020032247,
            "adj_r2": 0.027302049483115876,
            "a0": 221.4297276892452,
            "a1": 1.9275553841221644,
            "a2": 15.114013770796722,
            "a3": 0.075013705334205,
            "a4": -790157.5167622399,
            "sigma": 691092.0615624312
        },
        "Sigma and w": {
            "bic": 2327001.465959376,
            "adj_r2": 0.027959651500285565,
            "a0": 211.8876360182051,
            "a1": 3.02206147274699,
            "a2": 12.852751348777918,
            "a3": 0.0863931861145958,
            "sigma": 2697.406102714782,
            "w": 2697.4728692801527
        },
        "Absolute": {
            "bic": 2329616.3985671657,
            "adj_r2": 0.01902503655748289,
            "a0": 213.54015523406332,
            "a1": 2.301450317692525,
            "a2": 16.061501490512164,
            "a3": 0.08302984779792796,
            "sigma": 729420.02987079
        }
    },
    "dmPFC": {
        "Divisive by Cat": {
            "bic": 2386447.4471300375,
            "adj_r2": 0.025127879176928936,
            "a0": 242.40659206121558,
            "a1": 2.0018121385920864,
            "a2": 16.959246527785982,
            "a3": 0.25998736500616815,
            "a4": -985828.1004950451,
            "sigma": 912925.7693448619
        },
        "Sigma and w": {
            "bic": 2386511.8371599047,
            "adj_r2": 0.02490918320069646,
            "a0": 233.48038455301702,
            "a1": 2.9980228293321947,
            "a2": 14.990587005263059,
            "a3": 0.27055992849711574,
            "sigma": 2837.5744311998938,
            "w": 2837.499654822426
        },
        "Absolute": {
            "bic": 2388202.7417029864,
            "adj_r2": 0.01910903200845593,
            "a0": 234.95510884150886,
            "a1": 2.35494537177761,
            "a2": 17.854122747461453,
            "a3": 0.2675583977289034,
            "sigma": 481306.1305934051
        }
    }
}