{
    "dmPFC": {
        "Sigma and w": [
            2372075.5895994185, 
            0.027544284401807895, 
            [
                240.49355729388535, 
                1.8810308102005815, 
                17.045565843686543, 
                0.04009505480481239, 
                -1515.047562214369, 
                1326.4637402946275
            ]
        ], 
        "Divisive by Cat": [
            2373861.7131441473, 
            0.02143185958830829, 
            [
                235.87018058547284, 
                2.0444712610624514, 
                17.91202536992101, 
                0.04336477317794518, 
                -2.7123731237050848, 
                0.0
            ]
        ], 
        "Absolute": [
            2372062.7660740083, 
            0.02754515188944906, 
            [
                240.5869058252261, 
                1.8736020284527204, 
                17.03199253914259, 
                0.036813188672491254, 
                -926.2926840287644, 
                801.836809837592
            ]
        ]
    }, 
    "vmPFC": {
        "Sigma and w": [
            2327208.4935913025, 
            0.027321282071371966, 
            [
                221.33211491060806, 
                1.9351599058030298, 
                15.128079339302946, 
                0.07827239373535058, 
                -1513.353134914559, 
                1339.1615462057796
            ]
        ], 
        "Divisive by Cat": [
            2328849.3084028475, 
            0.021702789703879954, 
            [
                218.19582283124242, 
                2.005426424469576, 
                15.951309845012137, 
                0.08081319850024826, 
                -3.8830311220469476, 
                0.0
            ]
        ], 
        "Absolute": [
            2327195.597052979, 
            0.027322397154959877, 
            [
                221.4297471998213, 
                1.9275546478905663, 
                15.114010348561868, 
                0.07501367377954639, 
                -556.1155409777991, 
                486.56605393792967
            ]
        ]
    }, 
    "OFCmed": {
        "Sigma and w": [
            2300070.5065041548, 
            0.026462829406672994, 
            [
                208.1575633718585, 
                2.2568577714233524, 
                14.231205857193144, 
                0.048952267267017915, 
                -1548.9840099039568, 
                1467.964454289792
            ]
        ], 
        "Divisive by Cat": [
            2301560.994038502, 
            0.021352008126279354, 
            [
                205.30442063002997, 
                2.3203649958843098, 
                15.000838825458302, 
                0.054241332439240786, 
                -3.693279454544564, 
                0.0
            ]
        ], 
        "Absolute": [
            2300057.9497282873, 
            0.026462793206420754, 
            [
                208.15756385775688, 
                2.2568573162196137, 
                14.231205791776308, 
                0.04895197824294975, 
                -770.9042242446255, 
                729.6548289198133
            ]
        ]
    }
}