{
    "dmPFC": {
        "Sigma and w": {
            "a1": 2.906789612751151, 
            "a0": 231.11479901613885, 
            "a3": 0.04797090694540048, 
            "a2": 15.069971934443101, 
            "w": 2821.211145966202, 
            "adj_r2": 0.02664658155631705, 
            "sigma": 2821.2845102157967, 
            "bic": 2372327.8944745497
        }, 
        "Divisive by Cat": {
            "a1": 2.0444712610624514, 
            "a0": 235.87018058547284, 
            "a3": 0.04336477317794518, 
            "a2": 17.91202536992101, 
            "a4": -2.7123731237050848, 
            "adj_r2": 0.02143185958830829, 
            "sigma": 0.0, 
            "bic": 2373861.7131441473
        }, 
        "Absolute": {
            "adj_r2": 0.02032162555382544, 
            "bic": 2374174.6460066843, 
            "a1": 2.2512532295650933, 
            "a0": 232.61805023012042, 
            "a3": 0.04491126792301014, 
            "a2": 17.98900259439686, 
            "sigma": 99893.21135488986
        }
    }, 
    "vmPFC": {
        "Sigma and w": {
            "a1": 3.022055852607569, 
            "a0": 211.88764737887496, 
            "a3": 0.08638216482457765, 
            "a2": 12.852743487271514, 
            "w": 2698.5084133538867, 
            "adj_r2": 0.02797986774333061, 
            "sigma": 2698.5751533428715, 
            "bic": 2327001.4957606774
        }, 
        "Divisive by Cat": {
            "a1": 2.005426424469576, 
            "a0": 218.19582283124242, 
            "a3": 0.08081319850024826, 
            "a2": 15.951309845012137, 
            "a4": -3.8830311220469476, 
            "adj_r2": 0.021702789703879954, 
            "sigma": 0.0, 
            "bic": 2328849.3084028475
        }, 
        "Absolute": {
            "adj_r2": 0.019041993534700485, 
            "bic": 2329616.4364944464, 
            "a1": 2.3014529742348904, 
            "a0": 213.54009876246946, 
            "a3": 0.08303095762999096, 
            "a2": 16.061508218381206, 
            "sigma": 96908.54290184562
        }
    }, 
    "OFCmed": {
        "Sigma and w": {
            "a1": 3.304575181256046, 
            "a0": 199.26492373152035, 
            "a3": 0.05963650678618879, 
            "a2": 11.976837618095226, 
            "w": 2893.8900926690803, 
            "adj_r2": 0.028052746237551274, 
            "sigma": 2893.958537792514, 
            "bic": 2299588.746691269
        }, 
        "Divisive by Cat": {
            "a1": 2.3203649958843098, 
            "a0": 205.30442063002997, 
            "a3": 0.054241332439240786, 
            "a2": 15.000838825458302, 
            "a4": -3.693279454544564, 
            "adj_r2": 0.021352008126279354, 
            "sigma": 0.0, 
            "bic": 2301560.994038502
        }, 
        "Absolute": {
            "adj_r2": 0.018703886450062046, 
            "bic": 2302324.135361982, 
            "a1": 2.6019279635249695, 
            "a0": 200.87619861277798, 
            "a3": 0.05635017444646649, 
            "a2": 15.10565274203197, 
            "sigma": 86578.8797474705
        }
    }
}