{
    "Absolute": {
        "vmPFC": {
            "r2": 0.027322400147410386,
            "bic": 2327183.0287198178,
            "adj_r2": 0.027305457791418353,
            "a0": 221.42974657761857,
            "a1": 1.9275553674778716,
            "a2": 15.114010456464875,
            "a3": 0.07501366426588163,
            "a4": -1.1433438242591518,
            "sigma": 1,
            "w1": 0,
            "w_v": 0,
            "w_avg": 0
        },
        "OFCmed": {
            "r2": 0.0264628294076531,
            "bic": 2300045.3716038344,
            "adj_r2": 0.026445872079430388,
            "a0": 208.15756361499402,
            "a1": 2.2568574120499365,
            "a2": 14.231205869650019,
            "a3": 0.0489519778924522,
            "a4": -1.0551917240767228,
            "sigma": 1,
            "w1": 0,
            "w_v": 0,
            "w_avg": 0
        },
        "dmPFC": {
            "r2": 0.027545154276802264,
            "bic": 2372050.1979192654,
            "adj_r2": 0.02752821580080067,
            "a0": 240.58690524104023,
            "a1": 1.873601909409247,
            "a2": 17.031992464723277,
            "a3": 0.03681457994889023,
            "a4": -1.1548228670952607,
            "sigma": 1,
            "w1": 0,
            "w_v": 0,
            "w_avg": 0
        }
    }
}