{
    "dmPFC": {
        "Sigma and w": {
            "a1": 2.251275367111434, 
            "a0": 232.61793871758178, 
            "a3": 0.044909030784659965, 
            "a2": 17.988990721933842, 
            "w": 3101.9123465882476, 
            "adj_r2": 0.020321701959356786, 
            "sigma": 3295.5743635825124, 
            "bic": 2374187.1910686903
        }, 
        "Divisive by Cat": {
            "a1": 2.0444712610624514, 
            "a0": 235.87018058547284, 
            "a3": 0.04336477317794518, 
            "a2": 17.91202536992101, 
            "a4": -2.7123731237050848, 
            "adj_r2": 0.02143185958830829, 
            "sigma": 0.0, 
            "bic": 2373861.7131441473
        }, 
        "Absolute": {
            "adj_r2": 0.02032162555382544, 
            "bic": 2374174.6460066843, 
            "a1": 2.2512532295650933, 
            "a0": 232.61805023012042, 
            "a3": 0.04491126792301014, 
            "a2": 17.98900259439686, 
            "sigma": 99893.21135488986
        }
    }, 
    "vmPFC": {
        "Sigma and w": {
            "a1": 2.301473480748309, 
            "a0": 213.53999120380234, 
            "a3": 0.08302943311856119, 
            "a2": 16.06149852815506, 
            "w": 2915.508904868113, 
            "adj_r2": 0.01904215651994301, 
            "sigma": 469.69132145969303, 
            "bic": 2329628.9562495453
        }, 
        "Divisive by Cat": {
            "a1": 2.005426424469576, 
            "a0": 218.19582283124242, 
            "a3": 0.08081319850024826, 
            "a2": 15.951309845012137, 
            "a4": -3.8830311220469476, 
            "adj_r2": 0.021702789703879954, 
            "sigma": 0.0, 
            "bic": 2328849.3084028475
        }, 
        "Absolute": {
            "adj_r2": 0.019041993534700485, 
            "bic": 2329616.4364944464, 
            "a1": 2.3014529742348904, 
            "a0": 213.54009876246946, 
            "a3": 0.08303095762999096, 
            "a2": 16.061508218381206, 
            "sigma": 96908.54290184562
        }
    }, 
    "OFCmed": {
        "Sigma and w": {
            "a1": 2.6019444633879663, 
            "a0": 200.87611744789194, 
            "a3": 0.056358363599486684, 
            "a2": 15.105642386934207, 
            "w": 3388.0999337464023, 
            "adj_r2": 0.01870406773930422, 
            "sigma": 192.5228670426136, 
            "bic": 2302336.6497789985
        }, 
        "Divisive by Cat": {
            "a1": 2.3203649958843098, 
            "a0": 205.30442063002997, 
            "a3": 0.054241332439240786, 
            "a2": 15.000838825458302, 
            "a4": -3.693279454544564, 
            "adj_r2": 0.021352008126279354, 
            "sigma": 0.0, 
            "bic": 2301560.994038502
        }, 
        "Absolute": {
            "adj_r2": 0.018703886450062046, 
            "bic": 2302324.135361982, 
            "a1": 2.6019279635249695, 
            "a0": 200.87619861277798, 
            "a3": 0.05635017444646649, 
            "a2": 15.10565274203197, 
            "sigma": 86578.8797474705
        }
    }
}