{
    "dmPFC": {
        "Sigma and w": {
            "a1": -2.160519089341255, 
            "a0": 948.6654953184168, 
            "a3": -1.1923128737021524, 
            "a2": 93.19665086822758, 
            "w": 8178.713331747174, 
            "adj_r2": 0.05303270856834075, 
            "sigma": 451295.6175876216, 
            "bic": 3028728.4840697693
        }, 
        "Divisive by Cat": {
            "a1": -21.745957624504825, 
            "a0": 929.6581318506478, 
            "a3": -1.2303358773339994, 
            "a2": 90.58916061712631, 
            "a4": 64.22806999781403, 
            "adj_r2": 0.06406956791776519, 
            "sigma": 0.0, 
            "bic": 3025363.151870757
        }, 
        "Absolute": {
            "adj_r2": 0.053032682301679124, 
            "bic": 3028715.9245821554, 
            "a1": -2.1606025409639176, 
            "a0": 948.6653903776272, 
            "a3": -1.1923159637944634, 
            "a2": 93.19659568798959, 
            "sigma": 15886.793448599614
        }
    }, 
    "vmPFC": {
        "Sigma and w": {
            "a1": -1.7660224641922992, 
            "a0": 753.4629653320084, 
            "a3": -0.10736527133215706, 
            "a2": 72.96917380737328, 
            "w": 8353.380721477473, 
            "adj_r2": 0.05334135388304351, 
            "sigma": 62271.39081503743, 
            "bic": 2886473.276472382
        }, 
        "Divisive by Cat": {
            "a1": -18.424016232527947, 
            "a0": 737.2966510369771, 
            "a3": -0.13972046661007198, 
            "a2": 70.7514204093295, 
            "a4": 54.6277331277731, 
            "adj_r2": 0.06644216675377279, 
            "sigma": 0.0, 
            "bic": 2882472.8931691432
        }, 
        "Absolute": {
            "adj_r2": 0.05334133777501937, 
            "bic": 2886460.713906899, 
            "a1": -1.7660944683385025, 
            "a0": 753.4628786827452, 
            "a3": -0.10738077349530134, 
            "a2": 72.96913891441426, 
            "sigma": 22099.873664108945
        }
    }, 
    "OFCmed": {
        "Sigma and w": {
            "a1": -1.8218871892629884, 
            "a0": 726.8627813584877, 
            "a3": -0.5588708920756623, 
            "a2": 71.81469366046862, 
            "w": 8397.760749870364, 
            "adj_r2": 0.05381958766387074, 
            "sigma": 80027.58800428985, 
            "bic": 2874640.7396081802
        }, 
        "Divisive by Cat": {
            "a1": -17.846665090400677, 
            "a0": 711.3109948958629, 
            "a3": -0.5899859570642434, 
            "a2": 69.68124087100213, 
            "a4": 52.55121133485153, 
            "adj_r2": 0.06644714583202405, 
            "sigma": 0.0, 
            "bic": 2870783.87962782
        }, 
        "Absolute": {
            "adj_r2": 0.05381956923486697, 
            "bic": 2874628.1777493265, 
            "a1": -1.8219549264195072, 
            "a0": 726.8627075170108, 
            "a3": -0.5588709444043727, 
            "a2": 71.81466373716658, 
            "sigma": 22316.750158834304
        }
    }
}