{
    "dmPFC": {
        "Sigma and w": [
            3028726.567139443, 
            0.053080488964783124, 
            [
                948.8791104966909, 
                -1.9968754034202365, 
                93.30522606144154, 
                -1.192328608873629, 
                -17132.24637167933, 
                147936.21534192262
            ]
        ], 
        "Divisive by Cat": [
            3025363.151870757, 
            0.06406956791776519, 
            [
                929.6581318506478, 
                -21.745957624504825, 
                90.58916061712631, 
                -1.2303358773339994, 
                64.22806999781403, 
                0.0
            ]
        ], 
        "Absolute": [
            3028601.2777538933, 
            0.05345224843745133, 
            [
                952.3068546660979, 
                0.6289603146807181, 
                95.04742238900081, 
                -1.1927041687014577, 
                -776.6706736703879, 
                393.69109761251434
            ]
        ]
    }, 
    "vmPFC": {
        "Sigma and w": [
            2884067.8122072923, 
            0.06128195479849319, 
            [
                745.6103079627645, 
                -4.313307308777681, 
                64.44956253424449, 
                -0.13412485233054272, 
                9608.694158056369, 
                0.0014134639838614405
            ]
        ], 
        "Divisive by Cat": [
            2882472.8931691432, 
            0.06644216675377279, 
            [
                737.2966510369771, 
                -18.424016232527947, 
                70.7514204093295, 
                -0.13972046661007198, 
                54.6277331277731, 
                0.0
            ]
        ], 
        "Absolute": [
            2886445.9796119826, 
            0.053431368132056845, 
            [
                754.7796848053375, 
                -0.7573485278646078, 
                73.63842533592516, 
                -0.10751998230400989, 
                -1834.872953459684, 
                2568.8965851410103
            ]
        ]
    }, 
    "OFCmed": {
        "Sigma and w": [
            2874648.882473114, 
            0.05383417140556279, 
            [
                726.9430482761276, 
                -1.760410482584966, 
                71.85550044554327, 
                -0.5588794303896235, 
                -8402.347070508877, 
                193007.66241822412
            ]
        ], 
        "Divisive by Cat": [
            2870783.87962782, 
            0.06644714583202405, 
            [
                711.3109948958629, 
                -17.846665090400677, 
                69.68124087100213, 
                -0.5899859570642434, 
                52.55121133485153, 
                0.0
            ]
        ], 
        "Absolute": [
            2874592.1798900366, 
            0.05397963158548558, 
            [
                728.5831610229028, 
                -0.5039930695055823, 
                72.68911004240866, 
                -0.5590528316017713, 
                -2017.5745594472164, 
                2170.7451034656333
            ]
        ]
    }
}